날짜,별점,스킨타입,태그,리뷰내용,product_name,product_type,price,raw_text,clean_text,quality_score,length,korean_ratio,special_ratio,quality_grade,flags
2026.01.22,5점,"트러블성, 봄웜톤, 트러블",,좋다해서 산 것 중에 진짜 좋은거 없었는데 얘는 맑은데? 쫀쫀해요. 중요한 날은 레이어하면 화장이 아주 쫀쫀하게 잘 먹는답니다?,아누아 피디알엔 히알루론산 캡슐 100 세럼 30mL 기획 (+30mL 리필팩),세럼,27500,좋다해서 산 것 중에 진짜 좋은거 없었는데 얘는 맑은데? 쫀쫀해요. 중요한 날은 레이어하면 화장이 아주 쫀쫀하게 잘 먹는답니다?,좋다해서 산 것 중에 진짜 좋은거 없었는데 얘는 맑은데? 쫀쫀해요. 중요한 날은 레이어하면 화장이 아주 쫀쫀하게 잘 먹는답니다?,1.0,71,0.7183098591549296,0.04225352112676056,Very High,"emoji_removed,repeat_normalized,typo_corrected"
2026.01.21,5점,"복합성, 웜톤, 각질, 트러블",,"아누아 내사랑
너무 좋아요 ㅎㅎ
항상 재구매 해서 택배 받고 있습니다
행사 많이 해주세요🥹♥️🤍",아누아 피디알엔 히알루론산 캡슐 100 세럼 30mL 기획 (+30mL 리필팩),세럼,27500,"아누아 내사랑
너무 좋아요 ㅎㅎ
항상 재구매 해서 택배 받고 있습니다
행사 많이 해주세요🥹♥️🤍",아누아 내사랑 너무 좋아요 항상 재구매 해서 택배 받고 있습니다 행사 많이 해주세요,1.0,46,0.7391304347826086,0.058823529411764705,Very High,"emoji_removed,repeat_normalized,typo_corrected"
2026.01.14,5점,"건성, 겨울쿨톤, 미백, 각질",한달이상사용,"이것도 언플 오지게된것치곤 효과는 그닥
다른거 사세요 돈 아끼세용~",아누아 피디알엔 히알루론산 캡슐 100 세럼 30mL 기획 (+30mL 리필팩),세럼,27500,"이것도 언플 오지게된것치곤 효과는 그닥
다른거 사세요 돈 아끼세용~",이것도 언플 오지게된것치곤 효과는 그닥 다른거 사세요 돈 아끼세용,1.0,36,0.7777777777777778,0.02702702702702703,Very High,"emoji_removed,repeat_normalized,typo_corrected"
2026.01.21,5점,"복합성, 겨울쿨톤, 잡티, 미백",,올영 라이브때 할인해서 바로 구매했어요! 요즘 엄청 유명하다고 들었는데 여행용으로도 사이즈 딱 좋을거 같아요.,아누아 피디알엔 히알루론산 캡슐 100 세럼 30mL 기획 (+30mL 리필팩),세럼,27500,올영 라이브때 할인해서 바로 구매했어요! 요즘 엄청 유명하다고 들었는데 여행용으로도 사이즈 딱 좋을거 같아요.,올영 라이브때 할인해서 바로 구매했어요! 요즘 엄청 유명하다고 들었는데 여행용으로도 사이즈 딱 좋을거 같아요.,1.0,61,0.7540983606557377,0.03278688524590164,Very High,"emoji_removed,repeat_normalized,typo_corrected"
2026.01.06,3점,"복합성, 겨울쿨톤, 트러블, 민감성",,"전 이거 피부 컨디션 좋은 날에만 골라서 사용해야 해요
저는 좁쌀 여드름 자주 올라오고 예민한 피부라서 피부결이
좋지 않고 수분 부족형 지성 타입이라 기초 관리가 어려워요

트러블도 많이 안 올라오고 피부결도 오돌토돌한 느낌 없이
컨디션 좋은 날에는 이 세럼 발라주고 자고 일어나면 확실히
흡수가 잘 되고 피부에 잘 맞는지 피부 상태가 훨씬 더 좋아져요

트러블 올라오고 좀 따갑다 싶은 날에도 이거 바르면 진정되고
자고 일어나면 또 좋아져있겠지 하고 바를 때는 매번 더 심하게
뒤집어지고 여드름도 아프게 화농성으로 변하고 많이 안 좋더라고요

다른 기초 제품들은 컨디션 따라서 사용감이 이렇게까지 천지차이 났던 건 없었는데 사용하면서 정말 신기했고 피부 상태가 꼭 괜찮은 날에만 골라서 발라주고 있어요",아누아 피디알엔 히알루론산 캡슐 100 세럼 30mL 기획 (+30mL 리필팩),세럼,27500,"전 이거 피부 컨디션 좋은 날에만 골라서 사용해야 해요
저는 좁쌀 여드름 자주 올라오고 예민한 피부라서 피부결이
좋지 않고 수분 부족형 지성 타입이라 기초 관리가 어려워요

트러블도 많이 안 올라오고 피부결도 오돌토돌한 느낌 없이
컨디션 좋은 날에는 이 세럼 발라주고 자고 일어나면 확실히
흡수가 잘 되고 피부에 잘 맞는지 피부 상태가 훨씬 더 좋아져요

트러블 올라오고 좀 따갑다 싶은 날에도 이거 바르면 진정되고
자고 일어나면 또 좋아져있겠지 하고 바를 때는 매번 더 심하게
뒤집어지고 여드름도 아프게 화농성으로 변하고 많이 안 좋더라고요

다른 기초 제품들은 컨디션 따라서 사용감이 이렇게까지 천지차이 났던 건 없었는데 사용하면서 정말 신기했고 피부 상태가 꼭 괜찮은 날에만 골라서 발라주고 있어요",전 이거 피부 컨디션 좋은 날에만 골라서 사용해야 해요 저는 좁쌀 여드름 자주 올라오고 예민한 피부라서 피부결이 좋지 않고 수분 부족형 지성 타입이라 기초 관리가 어려워요 트러블도 많이 안 올라오고 피부결도 오돌토돌한 느낌 없이 컨디션 좋은 날에는 이 세럼 발라주고 자고 일어나면 확실히 흡수가 잘 되고 피부에 잘 맞는지 피부 상태가 훨씬 더 좋아져요 트러블 올라오고 좀 따갑다 싶은 날에도 이거 바르면 진정되고 자고 일어나면 또 좋아져있겠지 하고 바를 때는 매번 더 심하게 뒤집어지고 여드름도 아프게 화농성으로 변하고 많이 안 좋더라고요 다른 기초 제품들은 컨디션 따라서 사용감이 이렇게까지 천지차이 났던 건 없었는데 사용하면서 정말 신기했고 피부 상태가 꼭 괜찮은 날에만 골라서 발라주고 있어요,1.0,390,0.7384615384615385,0.0,Very High,"emoji_removed,repeat_normalized,typo_corrected"
2026.01.22,5점,,재구매,"한겹바르고난 직후 피부,안바른피부 순서대로 에용
수부지인데 속겅조 잘 잡아주는것 같아요<~

흡수 시켜줄때까지는 좀 끈적 거릴수도 있는데
잘 흡수시켜주고나면 피부가 쭨ㄴ쭨해져요

한번으론 성에 안찰때가 있는데 두세번 레이어링 해주면
화잘먹 피부 완성임댜 ~

저는 잘 못느꼈는데 저희 아빠랑 남편은 이것만 들어가면
눈아프다고 난리네유;;(",아누아 피디알엔 히알루론산 캡슐 100 세럼 30mL 기획 (+30mL 리필팩),세럼,27500,"한겹바르고난 직후 피부,안바른피부 순서대로 에용
수부지인데 속겅조 잘 잡아주는것 같아요<~

흡수 시켜줄때까지는 좀 끈적 거릴수도 있는데
잘 흡수시켜주고나면 피부가 쭨ㄴ쭨해져요

한번으론 성에 안찰때가 있는데 두세번 레이어링 해주면
화잘먹 피부 완성임댜 ~

저는 잘 못느꼈는데 저희 아빠랑 남편은 이것만 들어가면
눈아프다고 난리네유;;(","한겹바르고난 직후 피부,안바른피부 순서대로 에용 수부지인데 속겅조 잘 잡아주는것 같아요 흡수 시켜줄때까지는 좀 끈적 거릴수도 있는데 잘 흡수시켜주고나면 피부가 쭨쭨해져요 한번으론 성에 안찰때가 있는데 두세번 레이어링 해주면 화잘먹 피부 완성임댜 저는 잘 못느꼈는데 저희 아빠랑 남편은 이것만 들어가면 눈아프다고 난리네유",1.0,178,0.7752808988764045,0.043010752688172046,Very High,"emoji_removed,repeat_normalized,typo_corrected"
2026.01.20,5점,"건성, 쿨톤, 잡티, 미백",,"인기가 많길래 사서 써봤는데 보습에 좋은거같아오🩵
보이는데로 PDRN이랑 히알루론산이 함유되어 있어서
요즘 피디알엔 유행이잖아요? ㅋㅎㅋ🫧
수분크림까지 줘서 좋습니당 !!
완전 물체형이라서 얹으면 흘러요오 흡수도 잡 됩니당
안바른거 같은 느낌~",아누아 피디알엔 히알루론산 캡슐 100 세럼 30mL 기획 (+30mL 리필팩),세럼,27500,"인기가 많길래 사서 써봤는데 보습에 좋은거같아오🩵
보이는데로 PDRN이랑 히알루론산이 함유되어 있어서
요즘 피디알엔 유행이잖아요? ㅋㅎㅋ🫧
수분크림까지 줘서 좋습니당 !!
완전 물체형이라서 얹으면 흘러요오 흡수도 잡 됩니당
안바른거 같은 느낌~",인기가 많길래 사서 써봤는데 보습에 좋은거같아오 보이는데로 PDRN이랑 히알루론산이 함유되어 있어서 요즘 피디알엔 유행이잖아요? 수분크림까지 줘서 좋습니당 ! 완전 물체형이라서 얹으면 흘러요오 흡수도 잡 됩니당 안바른거 같은 느낌,1.0,128,0.7421875,0.0661764705882353,Very High,"emoji_removed,repeat_normalized,typo_corrected"
2025.12.30,5점,"복합성, 여름쿨톤, 각질, 트러블",한달이상사용,"오랜만에 고향에 갔더니
피부가 왜 이렇게 광이 나고 매끈매끈해졌냐고
엄마가 묻더라구요ㅋㅋㅋ
바꾼건 아누아 크림이랑 앰플 밖에 없어서
이거 좋다고 써보랬더니 엄마도 좋다고 잘쓰시더라구요
그랬다가 일본 여행가셔서 아누아 (비싸게) 사오신 울 엄마..
가격 어떠냐고 카톡 왔는데 제가 늦게봐서ㅠㅠ 이미 결제했다고 하시네요...ㅋㅋㅋ ㅠㅠ 한국걸 왜 일본가서 더 비싸게 샀냐했더니🤷‍♀️🤷‍♀️🤷‍♀️
몰랐대요 ...!!!!!일본건줄 알았대요😭😭😭
젊은 사람들은 다 아는데 엄마들은 아직 모르나봐요 ㅠ
아누아 홍보 더해!!!!!!😡😡
암튼 일본가서도 사올만큼ㅋㅋㅋ (?) 좋은 제품입니다...
지성인데 무겁지 않고 속까지 꽉꽉 채워줌👍",아누아 피디알엔 히알루론산 캡슐 100 세럼 30mL 기획 (+30mL 리필팩),세럼,27500,"오랜만에 고향에 갔더니
피부가 왜 이렇게 광이 나고 매끈매끈해졌냐고
엄마가 묻더라구요ㅋㅋㅋ
바꾼건 아누아 크림이랑 앰플 밖에 없어서
이거 좋다고 써보랬더니 엄마도 좋다고 잘쓰시더라구요
그랬다가 일본 여행가셔서 아누아 (비싸게) 사오신 울 엄마..
가격 어떠냐고 카톡 왔는데 제가 늦게봐서ㅠㅠ 이미 결제했다고 하시네요...ㅋㅋㅋ ㅠㅠ 한국걸 왜 일본가서 더 비싸게 샀냐했더니🤷‍♀️🤷‍♀️🤷‍♀️
몰랐대요 ...!!!!!일본건줄 알았대요😭😭😭
젊은 사람들은 다 아는데 엄마들은 아직 모르나봐요 ㅠ
아누아 홍보 더해!!!!!!😡😡
암튼 일본가서도 사올만큼ㅋㅋㅋ (?) 좋은 제품입니다...
지성인데 무겁지 않고 속까지 꽉꽉 채워줌👍",오랜만에 고향에 갔더니 피부가 왜 이렇게 광이 나고 매끈매끈해졌냐고 엄마가 묻더라구요 바꾼건 아누아 크림이랑 앰플 밖에 없어서 이거 좋다고 써보랬더니 엄마도 좋다고 잘쓰시더라구요 그랬다가 일본 여행가셔서 아누아 비싸게 사오신 울 엄마. 가격 어떠냐고 카톡 왔는데 제가 늦게봐서 이미 결제했다고 하시네요 한국걸 왜 일본가서 더 비싸게 샀냐했더니 몰랐대요 일본건줄 알았대요 젊은 사람들은 다 아는데 엄마들은 아직 모르나봐요 아누아 홍보 더해 암튼 일본가서도 사올만큼 좋은 제품입니다 지성인데 무겁지 않고 속까지 꽉꽉 채워줌,1.0,290,0.7586206896551724,0.056962025316455694,Very High,"emoji_removed,repeat_normalized,typo_corrected"
2026.01.25,5점,"건성, 가을웜톤, 잡티, 트러블",한달이상사용,"* 피부 건조한 편이라 샤워하고나오면
바로 미스트뿌리고 수분세럼 발라주는데
아누아 히알루론산 세럼 좋아요!

* 히알루론산 성분이 속건조 잡아주기도 좋고
또 가벼우면서 흡수도 빨라서
그 이후에 다른 화장품들 발라도 잘 레이어드해서
흡수되서 만족해요!",아누아 피디알엔 히알루론산 캡슐 100 세럼 30mL 기획 (+30mL 리필팩),세럼,27500,"* 피부 건조한 편이라 샤워하고나오면
바로 미스트뿌리고 수분세럼 발라주는데
아누아 히알루론산 세럼 좋아요!

* 히알루론산 성분이 속건조 잡아주기도 좋고
또 가벼우면서 흡수도 빨라서
그 이후에 다른 화장품들 발라도 잘 레이어드해서
흡수되서 만족해요!",피부 건조한 편이라 샤워하고나오면 바로 미스트뿌리고 수분세럼 발라주는데 아누아 히알루론산 세럼 좋아요! 히알루론산 성분이 속건조 잡아주기도 좋고 또 가벼우면서 흡수도 빨라서 그 이후에 다른 화장품들 발라도 잘 레이어드해서 흡수되서 만족해요!,1.0,134,0.7686567164179104,0.028985507246376812,Very High,"emoji_removed,repeat_normalized,typo_corrected"
2026.01.22,5점,"건성, 웜톤, 잡티, 아토피",,아누아 앰플은 전에 한번 사용해보고 너무 좋았어서 겨울되고 얼굴 건조해져서 재구매했어요.,아누아 피디알엔 히알루론산 캡슐 100 세럼 30mL 기획 (+30mL 리필팩),세럼,27500,아누아 앰플은 전에 한번 사용해보고 너무 좋았어서 겨울되고 얼굴 건조해져서 재구매했어요.,아누아 앰플은 전에 한번 사용해보고 너무 좋았어서 겨울되고 얼굴 건조해져서 재구매했어요.,1.0,49,0.7755102040816326,0.02040816326530612,Very High,"emoji_removed,repeat_normalized,typo_corrected"
2026.01.16,4점,,한달이상사용,"아누아 히알루론산PDRN세럼 순딩해요
피부에 순딩하고 흐르는 물타입이예요
제형ㅇ이 물타입이라 여러번 레이어링해서
바르기 좋답니다

속당김에는 좋은데 건성피부에는 환절기에 사용 시
부족하더라구요 환절기네는 오일이나 밤타입 크림
함께 사용하는게 도움이 되어요",아누아 피디알엔 히알루론산 캡슐 100 세럼 30mL 기획 (+30mL 리필팩),세럼,27500,"아누아 히알루론산PDRN세럼 순딩해요
피부에 순딩하고 흐르는 물타입이예요
제형ㅇ이 물타입이라 여러번 레이어링해서
바르기 좋답니다

속당김에는 좋은데 건성피부에는 환절기에 사용 시
부족하더라구요 환절기네는 오일이나 밤타입 크림
함께 사용하는게 도움이 되어요",아누아 히알루론산PDRN세럼 순딩해요 피부에 순딩하고 흐르는 물타입이예요 제형이 물타입이라 여러번 레이어링해서 바르기 좋답니다 속당김에는 좋은데 건성피부에는 환절기에 사용 시 부족하더라구요 환절기네는 오일이나 밤타입 크림 함께 사용하는게 도움이 되어요,1.0,140,0.7785714285714286,0.0070921985815602835,Very High,"emoji_removed,repeat_normalized,typo_corrected"
2026.01.23,5점,"지성, 웜톤, 주름, 트러블",,"소문듣고 구매 했는데 너무 좋네요. 벌써 금방 썼어요.
수 분도 너무 촉촉해요",아누아 피디알엔 히알루론산 캡슐 100 세럼 30mL 기획 (+30mL 리필팩),세럼,27500,"소문듣고 구매 했는데 너무 좋네요. 벌써 금방 썼어요.
수 분도 너무 촉촉해요",소문듣고 구매 했는데 너무 좋네요. 벌써 금방 썼어요. 수 분도 너무 촉촉해요,1.0,43,0.6976744186046512,0.046511627906976744,Very High,"emoji_removed,repeat_normalized,typo_corrected"
2025.12.31,5점,"건성, 봄웜톤, 미백, 주름","한달이상사용, 재구매",물같은 제형인데 너무 빨리 날아가지 않으면서도 쫀쫀한 느낌이라 좋습니다.,아누아 피디알엔 히알루론산 캡슐 100 세럼 30mL 기획 (+30mL 리필팩),세럼,27500,물같은 제형인데 너무 빨리 날아가지 않으면서도 쫀쫀한 느낌이라 좋습니다.,물같은 제형인데 너무 빨리 날아가지 않으면서도 쫀쫀한 느낌이라 좋습니다.,1.0,40,0.775,0.025,Very High,"emoji_removed,repeat_normalized,typo_corrected"
2026.01.22,5점,건성,,많은 분들이 사용하길래 궁금해서 따라사봤는데 ㄱㅊ은듯요 근데 다른거에 비해 좀 비싸게 느껴져요,아누아 피디알엔 히알루론산 캡슐 100 세럼 30mL 기획 (+30mL 리필팩),세럼,27500,많은 분들이 사용하길래 궁금해서 따라사봤는데 ㄱㅊ은듯요 근데 다른거에 비해 좀 비싸게 느껴져요,많은 분들이 사용하길래 궁금해서 따라사봤는데 은듯요 근데 다른거에 비해 좀 비싸게 느껴져요,1.0,50,0.78,0.038461538461538464,Very High,"emoji_removed,repeat_normalized,typo_corrected"
2026.01.11,5점,"지성, 쿨톤, 트러블, 피지과다",한달이상사용,유명해서 사봤는데 피부에 광이 촤악 도네욤.. 재구매할수도있을듯,아누아 피디알엔 히알루론산 캡슐 100 세럼 30mL 기획 (+30mL 리필팩),세럼,27500,유명해서 사봤는데 피부에 광이 촤악 도네욤.. 재구매할수도있을듯,유명해서 사봤는데 피부에 광이 촤악 도네욤. 재구매할수도있을듯,1.0,34,0.7941176470588235,0.05714285714285714,Very High,"emoji_removed,repeat_normalized,typo_corrected"
2025.12.24,5점,"건성, 봄웜톤, 민감성, 탄력",한달이상사용,"건성이면서 피부 홍조가 있는 제 피부에도 순하게 자극없이 속건조 잘 잡아주고 아주 촉촉했어요!!
그리고 메이크업 전에 바르면 화장 아주 잘 먹어요🩵
화잘먹 세럼은 이거 하나로 끝내면 좋고, 특히 토너랑 세럼 같이 썼을 때시너지가 아주 극락이니 꼭 같이 사서 써보세요 👍🏻👍🏻",아누아 피디알엔 히알루론산 캡슐 100 세럼 30mL 기획 (+30mL 리필팩),세럼,27500,"건성이면서 피부 홍조가 있는 제 피부에도 순하게 자극없이 속건조 잘 잡아주고 아주 촉촉했어요!!
그리고 메이크업 전에 바르면 화장 아주 잘 먹어요🩵
화잘먹 세럼은 이거 하나로 끝내면 좋고, 특히 토너랑 세럼 같이 썼을 때시너지가 아주 극락이니 꼭 같이 사서 써보세요 👍🏻👍🏻","건성이면서 피부 홍조가 있는 제 피부에도 순하게 자극없이 속건조 잘 잡아주고 아주 촉촉했어요! 그리고 메이크업 전에 바르면 화장 아주 잘 먹어요 화잘먹 세럼은 이거 하나로 끝내면 좋고, 특히 토너랑 세럼 같이 썼을 때시너지가 아주 극락이니 꼭 같이 사서 써보세요",1.0,146,0.726027397260274,0.02702702702702703,Very High,"emoji_removed,repeat_normalized,typo_corrected"
2026.01.21,5점,,한달이상사용,엄청 건조한데 자극없이 순한편이고 속건조가 심한데 사용하고 나면 속까지 촉촉함 재구매각,아누아 피디알엔 히알루론산 캡슐 100 세럼 30mL 기획 (+30mL 리필팩),세럼,27500,엄청 건조한데 자극없이 순한편이고 속건조가 심한데 사용하고 나면 속까지 촉촉함 재구매각,엄청 건조한데 자극없이 순한편이고 속건조가 심한데 사용하고 나면 속까지 촉촉함 재구매각,1.0,48,0.7916666666666666,0.0,Very High,"emoji_removed,repeat_normalized,typo_corrected"
2026.01.18,5점,,"한달이상사용, 재구매",아누아 세럼 기획중에 30미리 크림 주는 기획이 젤 괜찮은 거 같아요,아누아 피디알엔 히알루론산 캡슐 100 세럼 30mL 기획 (+30mL 리필팩),세럼,27500,아누아 세럼 기획중에 30미리 크림 주는 기획이 젤 괜찮은 거 같아요,아누아 세럼 기획중에 30미리 크림 주는 기획이 젤 괜찮은 거 같아요,1.0,38,0.6842105263157895,0.0,Very High,"emoji_removed,repeat_normalized,typo_corrected"
2026.01.18,4점,,"한달이상사용, 재구매",제품 아직 사용전입니다. 저한테 잘 맞았다면 재구매하겠습니다. 기대가 되네요. 감사합니다,아누아 피디알엔 히알루론산 캡슐 100 세럼 30mL 기획 (+30mL 리필팩),세럼,27500,제품 아직 사용전입니다. 저한테 잘 맞았다면 재구매하겠습니다. 기대가 되네요. 감사합니다,제품 아직 사용전입니다. 저한테 잘 맞았다면 재구매하겠습니다. 기대가 되네요. 감사합니다,1.0,49,0.7551020408163265,0.061224489795918366,Very High,"emoji_removed,repeat_normalized,typo_corrected"
2025.12.10,4점,"건성, 봄웜톤, 민감성, 홍조",한달이상사용,"랭킹 엄청 높길래 궁금해서 구매해봤어요
제형이 완전 주르륵 흐르는 물제형입니다 전 요즘 날 추워지면서 살짝 부족할것 같아서 두번정도 레이어링해서 쓰고있어요
한겨울엔 저한테는 살짝 부족할것 같고 환절기정도엔 쓸만합니다",아누아 피디알엔 히알루론산 캡슐 100 세럼 30mL 기획 (+30mL 리필팩),세럼,27500,"랭킹 엄청 높길래 궁금해서 구매해봤어요
제형이 완전 주르륵 흐르는 물제형입니다 전 요즘 날 추워지면서 살짝 부족할것 같아서 두번정도 레이어링해서 쓰고있어요
한겨울엔 저한테는 살짝 부족할것 같고 환절기정도엔 쓸만합니다",랭킹 엄청 높길래 궁금해서 구매해봤어요 제형이 완전 주르륵 흐르는 물제형입니다 전 요즘 날 추워지면서 살짝 부족할것 같아서 두번정도 레이어링해서 쓰고있어요 한겨울엔 저한테는 살짝 부족할것 같고 환절기정도엔 쓸만합니다,1.0,120,0.7833333333333333,0.0,Very High,"emoji_removed,repeat_normalized,typo_corrected"
2025.12.10,5점,"건성, 웜톤, 주름, 민감성","한달이상사용, 재구매","쵝오임
벌써 6통? 8통? 넘게 쓴듯
피부에 얇게 발리면서 촉촉해서 죠아요😊",아누아 피디알엔 히알루론산 캡슐 100 세럼 30mL 기획 (+30mL 리필팩),세럼,27500,"쵝오임
벌써 6통? 8통? 넘게 쓴듯
피부에 얇게 발리면서 촉촉해서 죠아요😊",쵝오임 벌써 6통? 8통? 넘게 쓴듯 피부에 얇게 발리면서 촉촉해서 죠아요,1.0,41,0.6585365853658537,0.04878048780487805,Very High,"emoji_removed,repeat_normalized,typo_corrected"
2026.01.22,5점,,"한달이상사용, 재구매",이 제품은 한달을 사용했지만 계속 만족하는 제품입니다! 앞으로도 계속 구매할 것 같고 주변 지인들에게도 추천해줄 수 있는 제품입니다! 추천이에요 :),아누아 피디알엔 히알루론산 캡슐 100 세럼 30mL 기획 (+30mL 리필팩),세럼,27500,이 제품은 한달을 사용했지만 계속 만족하는 제품입니다! 앞으로도 계속 구매할 것 같고 주변 지인들에게도 추천해줄 수 있는 제품입니다! 추천이에요 :),이 제품은 한달을 사용했지만 계속 만족하는 제품입니다! 앞으로도 계속 구매할 것 같고 주변 지인들에게도 추천해줄 수 있는 제품입니다! 추천이에요,1.0,80,0.75,0.025,Very High,"emoji_removed,repeat_normalized,typo_corrected"
2025.12.15,5점,"지성, 가을웜톤, 블랙헤드, 피지과다",한달이상사용,"@@@ 한달 찐사용 후기 @@@

pdrn 용량은 적고 피부에 효과는 없다고 해서 그려려니 하고 그냥 사용 중인데 그래도 사용감 좋아서 별 다섯개 줍니다~~~ 수분감이 오래가고 사용하고 촉촉해지고 다른 수분앰플도 많이 사용해봤는데 제일 좋았어요 메이크업 하면 메이크업도 잘 먹고 계속 재구매 할 거 같긴해요!!",아누아 피디알엔 히알루론산 캡슐 100 세럼 30mL 기획 (+30mL 리필팩),세럼,27500,"@@@ 한달 찐사용 후기 @@@

pdrn 용량은 적고 피부에 효과는 없다고 해서 그려려니 하고 그냥 사용 중인데 그래도 사용감 좋아서 별 다섯개 줍니다~~~ 수분감이 오래가고 사용하고 촉촉해지고 다른 수분앰플도 많이 사용해봤는데 제일 좋았어요 메이크업 하면 메이크업도 잘 먹고 계속 재구매 할 거 같긴해요!!",한달 찐사용 후기 pdrn 용량은 적고 피부에 효과는 없다고 해서 그려려니 하고 그냥 사용 중인데 그래도 사용감 좋아서 별 다섯개 줍니다 수분감이 오래가고 사용하고 촉촉해지고 다른 수분앰플도 많이 사용해봤는데 제일 좋았어요 메이크업 하면 메이크업도 잘 먹고 계속 재구매 할 거 같긴해요!,1.0,160,0.71875,0.047337278106508875,Very High,"emoji_removed,repeat_normalized,typo_corrected"
2026.01.18,5점,,,피부가 예민한 날도 이건 따갑지 않더라고요. 다른 화장품은 좀 따가울 때가 있어요. 워낙 순한데도 제가 뭔가 트러블이 났을 때는 피해야 되는 제품들 있는데 이건 그렇지 않고 엄청 촉촉하고 여러 번 레이어드해도 무겁지 않고 흡수되는데 느낌도 빠르고 너무 좋아요. 계속 쓰고 싶은 제품이에요,아누아 피디알엔 히알루론산 캡슐 100 세럼 30mL 기획 (+30mL 리필팩),세럼,27500,피부가 예민한 날도 이건 따갑지 않더라고요. 다른 화장품은 좀 따가울 때가 있어요. 워낙 순한데도 제가 뭔가 트러블이 났을 때는 피해야 되는 제품들 있는데 이건 그렇지 않고 엄청 촉촉하고 여러 번 레이어드해도 무겁지 않고 흡수되는데 느낌도 빠르고 너무 좋아요. 계속 쓰고 싶은 제품이에요,피부가 예민한 날도 이건 따갑지 않더라고요. 다른 화장품은 좀 따가울 때가 있어요. 워낙 순한데도 제가 뭔가 트러블이 났을 때는 피해야 되는 제품들 있는데 이건 그렇지 않고 엄청 촉촉하고 여러 번 레이어드해도 무겁지 않고 흡수되는데 느낌도 빠르고 너무 좋아요. 계속 쓰고 싶은 제품이에요,1.0,160,0.725,0.01875,Very High,"emoji_removed,repeat_normalized,typo_corrected"
2026.01.23,5점,"트러블성, 여름쿨톤, 트러블",,"다른거 쓰다가 결국 돌고 돌아 다시 아누아
화잘먹템으로 이만한게 없음요",아누아 피디알엔 히알루론산 캡슐 100 세럼 30mL 기획 (+30mL 리필팩),세럼,27500,"다른거 쓰다가 결국 돌고 돌아 다시 아누아
화잘먹템으로 이만한게 없음요",다른거 쓰다가 결국 돌고 돌아 다시 아누아 화잘먹템으로 이만한게 없음요,1.0,39,0.7692307692307693,0.0,Very High,"emoji_removed,repeat_normalized,typo_corrected"
2026.01.19,5점,"복합성, 쿨톤, 미백, 각질",,"샘플 받아보고 제품이 좋아서 바로 구매했어요
수분제품들 많이 써봤는데 다 그냥 그랬는데
아누아는 좋네요 진짜로 속수분 채워주는 느낌!
거기에 유분끼 있는 제품으로 덮어주면 건조해지지 않고
너무 좋아여 주변분들에게 샘플 줬는데 좋다고 다들 구매했어여",아누아 피디알엔 히알루론산 캡슐 100 세럼 30mL 기획 (+30mL 리필팩),세럼,27500,"샘플 받아보고 제품이 좋아서 바로 구매했어요
수분제품들 많이 써봤는데 다 그냥 그랬는데
아누아는 좋네요 진짜로 속수분 채워주는 느낌!
거기에 유분끼 있는 제품으로 덮어주면 건조해지지 않고
너무 좋아여 주변분들에게 샘플 줬는데 좋다고 다들 구매했어여",샘플 받아보고 제품이 좋아서 바로 구매했어요 수분제품들 많이 써봤는데 다 그냥 그랬는데 아누아는 좋네요 진짜로 속수분 채워주는 느낌! 거기에 유분끼 있는 제품으로 덮어주면 건조해지지 않고 너무 좋아여 주변분들에게 샘플 줬는데 좋다고 다들 구매했어여,1.0,138,0.7608695652173914,0.007246376811594203,Very High,"emoji_removed,repeat_normalized,typo_corrected"
2026.01.25,5점,"민감성, 쿨톤, 트러블",한달이상사용,리필팩 같이 있는걸로 올영세일때 잘 사서 쓰고 있어요 자극없고 좋아요,아누아 피디알엔 히알루론산 캡슐 100 세럼 30mL 기획 (+30mL 리필팩),세럼,27500,리필팩 같이 있는걸로 올영세일때 잘 사서 쓰고 있어요 자극없고 좋아요,리필팩 같이 있는걸로 올영세일때 잘 사서 쓰고 있어요 자극없고 좋아요,1.0,38,0.7631578947368421,0.0,Very High,"emoji_removed,repeat_normalized,typo_corrected"
2026.01.23,3점,"건성, 여름쿨톤, 잡티, 주름",,물 처럼 좀 많이 흘러 내려서 양 조절 잘 해야 되고 좀 끈적거림 있음!,아누아 피디알엔 히알루론산 캡슐 100 세럼 30mL 기획 (+30mL 리필팩),세럼,27500,물 처럼 좀 많이 흘러 내려서 양 조절 잘 해야 되고 좀 끈적거림 있음!,물 처럼 좀 많이 흘러 내려서 양 조절 잘 해야 되고 좀 끈적거림 있음!,1.0,40,0.65,0.025,Very High,"emoji_removed,repeat_normalized,typo_corrected"
2025.12.18,4점,,한달이상사용,"앰플이 많이 묽습니다 그래서 두어방울 흘리고 흡수시키고 또 얼굴에 두어방울 떨구고 흡수시키고 해야하는 귀찮음이 있어요
이 때문에 한번에 좀 많이 사용하게 되는 것 같습니다
자극감은 없고 흡수는 빠르게 되는데 피부에 약간 끈적거리게 남는게 아쉽습니다 수분감 충전은 빠르게 돼요!",아누아 피디알엔 히알루론산 캡슐 100 세럼 30mL 기획 (+30mL 리필팩),세럼,27500,"앰플이 많이 묽습니다 그래서 두어방울 흘리고 흡수시키고 또 얼굴에 두어방울 떨구고 흡수시키고 해야하는 귀찮음이 있어요
이 때문에 한번에 좀 많이 사용하게 되는 것 같습니다
자극감은 없고 흡수는 빠르게 되는데 피부에 약간 끈적거리게 남는게 아쉽습니다 수분감 충전은 빠르게 돼요!",앰플이 많이 묽습니다 그래서 두어방울 흘리고 흡수시키고 또 얼굴에 두어방울 떨구고 흡수시키고 해야하는 귀찮음이 있어요 이 때문에 한번에 좀 많이 사용하게 되는 것 같습니다 자극감은 없고 흡수는 빠르게 되는데 피부에 약간 끈적거리게 남는게 아쉽습니다 수분감 충전은 빠르게 돼요!,1.0,154,0.7532467532467533,0.006493506493506494,Very High,"emoji_removed,repeat_normalized,typo_corrected"
2026.01.20,1점,,한달이상사용,"피부 뒤집어졌어요 처음은 긴가민가했는데 두번째 써보고 요놈이 문제다 싶어서 바로 당근했습니다
극찬하는분들이 많던데... 제가 이상한걸까요",아누아 피디알엔 히알루론산 캡슐 100 세럼 30mL 기획 (+30mL 리필팩),세럼,27500,"피부 뒤집어졌어요 처음은 긴가민가했는데 두번째 써보고 요놈이 문제다 싶어서 바로 당근했습니다
극찬하는분들이 많던데... 제가 이상한걸까요",피부 뒤집어졌어요 처음은 긴가민가했는데 두번째 써보고 요놈이 문제다 싶어서 바로 당근했습니다 극찬하는분들이 많던데 제가 이상한걸까요,1.0,73,0.8082191780821918,0.0,Very High,"emoji_removed,repeat_normalized,typo_corrected"
2026.01.18,4점,,"한달이상사용, 재구매",개인적으로 아누아 세럼 기획중에 30미리 크림 주는 기획이 젤 괜찮은 거 같아요,아누아 피디알엔 히알루론산 캡슐 100 세럼 30mL 기획 (+30mL 리필팩),세럼,27500,개인적으로 아누아 세럼 기획중에 30미리 크림 주는 기획이 젤 괜찮은 거 같아요,개인적으로 아누아 세럼 기획중에 30미리 크림 주는 기획이 젤 괜찮은 거 같아요,1.0,44,0.7045454545454546,0.0,Very High,"emoji_removed,repeat_normalized,typo_corrected"
2025.12.22,5점,,,"아누아 세럼 4번 정도 사본것 같은데 한번 빼고는 원가에 샀던 ㅜㅜㅜ 가격이 좀 나가지만 ,, 보습+수분 충전이 되면서~~~!!! 저는 광 생기는 제품을 좋아함 ❤️
아누아 미스트도 좋지만 난 세럼이 좋고 뭐가 안나서 세일 할 때 이제품을 챙깁니다아!! ㅎ힣 ㅎㅎ
이 제품 한번만 사용 한 사람은 없음 .. 세일 할때 사야함 .. 세일 할 때 어서 가십쇼^^
원가 보다 세일 할 때 사는게 더 이득 ~
제품 사용 하고 뭐가 안나고 성분 좋은 것 같음 ~ 아누아 만의 향이 있는 것 같은데 무슨향인지 몰라 ㅜ 호불호는 없음 !",아누아 피디알엔 히알루론산 캡슐 100 세럼 30mL 기획 (+30mL 리필팩),세럼,27500,"아누아 세럼 4번 정도 사본것 같은데 한번 빼고는 원가에 샀던 ㅜㅜㅜ 가격이 좀 나가지만 ,, 보습+수분 충전이 되면서~~~!!! 저는 광 생기는 제품을 좋아함 ❤️
아누아 미스트도 좋지만 난 세럼이 좋고 뭐가 안나서 세일 할 때 이제품을 챙깁니다아!! ㅎ힣 ㅎㅎ
이 제품 한번만 사용 한 사람은 없음 .. 세일 할때 사야함 .. 세일 할 때 어서 가십쇼^^
원가 보다 세일 할 때 사는게 더 이득 ~
제품 사용 하고 뭐가 안나고 성분 좋은 것 같음 ~ 아누아 만의 향이 있는 것 같은데 무슨향인지 몰라 ㅜ 호불호는 없음 !","아누아 세럼 4번 정도 사본것 같은데 한번 빼고는 원가에 샀던 가격이 좀 나가지만 ,, 보습수분 충전이 되면서 저는 광 생기는 제품을 좋아함 아누아 미스트도 좋지만 난 세럼이 좋고 뭐가 안나서 세일 할 때 이제품을 챙깁니다아! 힣 이 제품 한번만 사용 한 사람은 없음 . 세일 할때 사야함 . 세일 할 때 어서 가십쇼 원가 보다 세일 할 때 사는게 더 이득 제품 사용 하고 뭐가 안나고 성분 좋은 것 같음 아누아 만의 향이 있는 것 같은데 무슨향인지 몰라 호불호는 없음 !",1.0,264,0.6704545454545454,0.060714285714285714,Very High,"emoji_removed,repeat_normalized,typo_corrected"
2026.01.24,4점,,,그만큼 인기가 많을때 안사고 있다가 요새 날씨에 너무 건조하고 해서 속수분채워줄겸 샀어요 효과가 있어주길 바라고있습니다,아누아 피디알엔 히알루론산 캡슐 100 세럼 30mL 기획 (+30mL 리필팩),세럼,27500,그만큼 인기가 많을때 안사고 있다가 요새 날씨에 너무 건조하고 해서 속수분채워줄겸 샀어요 효과가 있어주길 바라고있습니다,그만큼 인기가 많을때 안사고 있다가 요새 날씨에 너무 건조하고 해서 속수분채워줄겸 샀어요 효과가 있어주길 바라고있습니다,1.0,66,0.7878787878787878,0.0,Very High,"emoji_removed,repeat_normalized,typo_corrected"
2026.01.24,5점,"건성, 겨울쿨톤, 민감성",,"저 정말 아누아 PDRN 세럼 사랑해요… 🥹
1년 꽉꽉 채워서 리필 포함 6통 비웠습니다.
건성피부에 속광을 느끼고싶어서 구매했는데
그때부터 완전 제 스킨케어 루틴에 무조건 들어가는 친구거든요 😻

날씨가 추워진 만큼 주변에 속건조 고민인 분들에게 모두모두 영업했고 지성인 분들도 건성인 제 추천템이라 망설이다 구매하셨는데 지성, 건성 상관 없이 모두가 만족한 제품입니다 !!

이 좋은걸 하루라도 빨리 꼬옥 구매하시길 ••• ♡

/// 사실 제품 상세 페이지에 PDRN 제품이고 탄력,리프팅에 효과가 있다고 적허있긴한데 효과는 잘모르겠어요. 그치만 속건조 잡히고 수분도 꽉 잡아주는 제품이라 평생 쓰게쑵미다 ㅎ",아누아 피디알엔 히알루론산 캡슐 100 세럼 30mL 기획 (+30mL 리필팩),세럼,27500,"저 정말 아누아 PDRN 세럼 사랑해요… 🥹
1년 꽉꽉 채워서 리필 포함 6통 비웠습니다.
건성피부에 속광을 느끼고싶어서 구매했는데
그때부터 완전 제 스킨케어 루틴에 무조건 들어가는 친구거든요 😻

날씨가 추워진 만큼 주변에 속건조 고민인 분들에게 모두모두 영업했고 지성인 분들도 건성인 제 추천템이라 망설이다 구매하셨는데 지성, 건성 상관 없이 모두가 만족한 제품입니다 !!

이 좋은걸 하루라도 빨리 꼬옥 구매하시길 ••• ♡

/// 사실 제품 상세 페이지에 PDRN 제품이고 탄력,리프팅에 효과가 있다고 적허있긴한데 효과는 잘모르겠어요. 그치만 속건조 잡히고 수분도 꽉 잡아주는 제품이라 평생 쓰게쑵미다 ㅎ","저 정말 아누아 PDRN 세럼 사랑해요 1년 꽉꽉 채워서 리필 포함 6통 비웠습니다. 건성피부에 속광을 느끼고싶어서 구매했는데 그때부터 완전 제 스킨케어 루틴에 무조건 들어가는 친구거든요 날씨가 추워진 만큼 주변에 속건조 고민인 분들에게 모두모두 영업했고 지성인 분들도 건성인 제 추천템이라 망설이다 구매하셨는데 지성, 건성 상관 없이 모두가 만족한 제품입니다 ! 이 좋은걸 하루라도 빨리 꼬옥 구매하시길 사실 제품 상세 페이지에 PDRN 제품이고 탄력,리프팅에 효과가 있다고 적허있긴한데 효과는 잘모르겠어요. 그치만 속건조 잡히고 수분도 꽉 잡아주는 제품이라 평생 쓰게쑵미다",1.0,322,0.7204968944099379,0.041916167664670656,Very High,"emoji_removed,repeat_normalized,typo_corrected"
2025.12.11,4점,"복합성, 웜톤, 잡티, 미백",,"❣️20일 사용후기


보습효과도 있고
미백효과도 있는거같아요~

​드라마틱한 효과는아니지만
피부가 밝아졌어요~

​사용방법 : 물처럼 흐르는 제형이라
피부나 손등에 조금씩 올려 발라주세요
얼굴에 바르면 바로 주르륵~ 흘러내리니
조금씩 여러번 사용을 권해드려요 ~

​

저는 조금씩 3-4번 반복해서 발라줬어요!",아누아 피디알엔 히알루론산 캡슐 100 세럼 30mL 기획 (+30mL 리필팩),세럼,27500,"❣️20일 사용후기


보습효과도 있고
미백효과도 있는거같아요~

​드라마틱한 효과는아니지만
피부가 밝아졌어요~

​사용방법 : 물처럼 흐르는 제형이라
피부나 손등에 조금씩 올려 발라주세요
얼굴에 바르면 바로 주르륵~ 흘러내리니
조금씩 여러번 사용을 권해드려요 ~

​

저는 조금씩 3-4번 반복해서 발라줬어요!",20일 사용후기 보습효과도 있고 미백효과도 있는거같아요 드라마틱한 효과는아니지만 피부가 밝아졌어요 사용방법 물처럼 흐르는 제형이라 피부나 손등에 조금씩 올려 발라주세요 얼굴에 바르면 바로 주르륵 흘러내리니 조금씩 여러번 사용을 권해드려요 저는 조금씩 3-4번 반복해서 발라줬어요!,1.0,156,0.7564102564102564,0.06547619047619048,Very High,"emoji_removed,repeat_normalized,typo_corrected"
2026.01.08,3점,"복합성, 웜톤, 각질, 트러블",,첨엔 너무 주르륵흐르는 물제형이라 광고에 속았다싶어서 돈아까웠는데 쓰다보니 걍 익숙해짐.. 겨울이라 적어도 두번은 레이어드해서 쓰다보니 금방 다 쓸거같음. 그리고 순하다는 리뷰가 좀 보이는데 면역력 약해져서 피부염처럼 살짝 빨간거 올라왔을때 생각없이 발랐는데 따가웠음 마냥 순한게 아닌거같아서 민감성들은 유의해야할듯 재구매의사는 이거보다 더 좋은 세럼이 있을거같ㅇ..,아누아 피디알엔 히알루론산 캡슐 100 세럼 30mL 기획 (+30mL 리필팩),세럼,27500,첨엔 너무 주르륵흐르는 물제형이라 광고에 속았다싶어서 돈아까웠는데 쓰다보니 걍 익숙해짐.. 겨울이라 적어도 두번은 레이어드해서 쓰다보니 금방 다 쓸거같음. 그리고 순하다는 리뷰가 좀 보이는데 면역력 약해져서 피부염처럼 살짝 빨간거 올라왔을때 생각없이 발랐는데 따가웠음 마냥 순한게 아닌거같아서 민감성들은 유의해야할듯 재구매의사는 이거보다 더 좋은 세럼이 있을거같ㅇ..,첨엔 너무 주르륵흐르는 물제형이라 광고에 속았다싶어서 돈아까웠는데 쓰다보니 걍 익숙해짐. 겨울이라 적어도 두번은 레이어드해서 쓰다보니 금방 다 쓸거같음. 그리고 순하다는 리뷰가 좀 보이는데 면역력 약해져서 피부염처럼 살짝 빨간거 올라왔을때 생각없이 발랐는데 따가웠음 마냥 순한게 아닌거같아서 민감성들은 유의해야할듯 재구매의사는 이거보다 더 좋은 세럼이 있을거같.,1.0,202,0.7772277227722773,0.02926829268292683,Very High,"emoji_removed,repeat_normalized,typo_corrected"
2025.12.19,4점,"복합성, 쿨톤, 잡티, 민감성",한달이상사용,"아누아 피디알엔 히알루론산 캡슐 100 세럼 30mL, 잘 사용하고 있어요 ~
피부 속부터 차오르는 광채 플럼핑 세럼.
PDRN +히알루론산 +콜라겐
속수분 보충부터 건강한 광채까지.
초저분자 스마트 캡슐.
성분 흡수를 넘어 생성 증가로 보여주는 효과.
3초 수분 플럼핑.
피부 속 콜라겐 증가.
촉촉하고 얼굴에서 광이나네요~",아누아 피디알엔 히알루론산 캡슐 100 세럼 30mL 기획 (+30mL 리필팩),세럼,27500,"아누아 피디알엔 히알루론산 캡슐 100 세럼 30mL, 잘 사용하고 있어요 ~
피부 속부터 차오르는 광채 플럼핑 세럼.
PDRN +히알루론산 +콜라겐
속수분 보충부터 건강한 광채까지.
초저분자 스마트 캡슐.
성분 흡수를 넘어 생성 증가로 보여주는 효과.
3초 수분 플럼핑.
피부 속 콜라겐 증가.
촉촉하고 얼굴에서 광이나네요~","아누아 피디알엔 히알루론산 캡슐 100 세럼 30mL, 잘 사용하고 있어요 피부 속부터 차오르는 광채 플럼핑 세럼. PDRN 히알루론산 콜라겐 속수분 보충부터 건강한 광채까지. 초저분자 스마트 캡슐. 성분 흡수를 넘어 생성 증가로 보여주는 효과. 3초 수분 플럼핑. 피부 속 콜라겐 증가. 촉촉하고 얼굴에서 광이나네요",1.0,177,0.655367231638418,0.06043956043956044,Very High,"emoji_removed,repeat_normalized,typo_corrected"
2025.12.11,3점,"복합성, 웜톤, 잡티, 블랙헤드",,"복합성인데 여름쯤에 구매했는데 그때 쓸땐 좀 무겁다고 생각듦 sns에 홍보 엄청 많이 하던데 거기선 수분감이 터진다고 했지만 개인적으로 유분+수분 느낌이었음
지금 다시 리필 뜯어서 사용중인데 건조한 계절에 복합성이 쓰기엔 무난하고 괜찮은듯
개인적으로 이 가격이면 좀더 저렴한 비슷한 제품써도 무방하다고 봄 재구매는 안할듯",아누아 피디알엔 히알루론산 캡슐 100 세럼 30mL 기획 (+30mL 리필팩),세럼,27500,"복합성인데 여름쯤에 구매했는데 그때 쓸땐 좀 무겁다고 생각듦 sns에 홍보 엄청 많이 하던데 거기선 수분감이 터진다고 했지만 개인적으로 유분+수분 느낌이었음
지금 다시 리필 뜯어서 사용중인데 건조한 계절에 복합성이 쓰기엔 무난하고 괜찮은듯
개인적으로 이 가격이면 좀더 저렴한 비슷한 제품써도 무방하다고 봄 재구매는 안할듯",복합성인데 여름쯤에 구매했는데 그때 쓸땐 좀 무겁다고 생각듦 sns에 홍보 엄청 많이 하던데 거기선 수분감이 터진다고 했지만 개인적으로 유분수분 느낌이었음 지금 다시 리필 뜯어서 사용중인데 건조한 계절에 복합성이 쓰기엔 무난하고 괜찮은듯 개인적으로 이 가격이면 좀더 저렴한 비슷한 제품써도 무방하다고 봄 재구매는 안할듯,1.0,178,0.7528089887640449,0.00558659217877095,Very High,"emoji_removed,repeat_normalized,typo_corrected"
2025.12.01,3점,,한달이상사용,"엄청 묽은 제형에 비해 마무리감은 무거움
한 번에 속건조가 해결되는 것도 아닌데
그렇다고 덧바르기엔 유분이 겉돌아서 부담스러움 ..

피디알엔 히알루론산 세럼인데
정작 피디알엔은 개미똥만큼 들어있고
히알루론 세럼은 이미 훨씬 좋은 게 널렷는디
이 세럼의 추구미가 대체 먼지 모르겟슨",아누아 피디알엔 히알루론산 캡슐 100 세럼 30mL 기획 (+30mL 리필팩),세럼,27500,"엄청 묽은 제형에 비해 마무리감은 무거움
한 번에 속건조가 해결되는 것도 아닌데
그렇다고 덧바르기엔 유분이 겉돌아서 부담스러움 ..

피디알엔 히알루론산 세럼인데
정작 피디알엔은 개미똥만큼 들어있고
히알루론 세럼은 이미 훨씬 좋은 게 널렷는디
이 세럼의 추구미가 대체 먼지 모르겟슨",엄청 묽은 제형에 비해 마무리감은 무거움 한 번에 속건조가 해결되는 것도 아닌데 그렇다고 덧바르기엔 유분이 겉돌아서 부담스러움 . 피디알엔 히알루론산 세럼인데 정작 피디알엔은 개미똥만큼 들어있고 히알루론 세럼은 이미 훨씬 좋은 게 널렷는디 이 세럼의 추구미가 대체 먼지 모르겟슨,1.0,155,0.7548387096774194,0.01282051282051282,Very High,"emoji_removed,repeat_normalized,typo_corrected"
2026.01.25,5점,,,드디어 유명한 아누아 pdrn 제품을 구매했네요 타사 제품pdrn제품은 묵직하고 끈적했는데 아누아 제품은 제형이 가벼워서 흡수력이 빨라서 좋은거 같아요 꾸준히 써보고 효과가 좋으면 좋겠어요~ 아 배송이 엄청 빨라 좋아요,아누아 피디알엔 히알루론산 캡슐 100 세럼 30mL 기획 (+30mL 리필팩),세럼,27500,드디어 유명한 아누아 pdrn 제품을 구매했네요 타사 제품pdrn제품은 묵직하고 끈적했는데 아누아 제품은 제형이 가벼워서 흡수력이 빨라서 좋은거 같아요 꾸준히 써보고 효과가 좋으면 좋겠어요~ 아 배송이 엄청 빨라 좋아요,드디어 유명한 아누아 pdrn 제품을 구매했네요 타사 제품pdrn제품은 묵직하고 끈적했는데 아누아 제품은 제형이 가벼워서 흡수력이 빨라서 좋은거 같아요 꾸준히 써보고 효과가 좋으면 좋겠어요 아 배송이 엄청 빨라 좋아요,1.0,121,0.7107438016528925,0.00819672131147541,Very High,"emoji_removed,repeat_normalized,typo_corrected"
2026.01.25,5점,,,"좋아요ㅎㅎ 제가 극건성인데 수분감이 느껴져서 좋은 것 같애여
화잘먹템",아누아 피디알엔 히알루론산 캡슐 100 세럼 30mL 기획 (+30mL 리필팩),세럼,27500,"좋아요ㅎㅎ 제가 극건성인데 수분감이 느껴져서 좋은 것 같애여
화잘먹템",좋아요 제가 극건성인데 수분감이 느껴져서 좋은 것 같애여 화잘먹템,1.0,36,0.7777777777777778,0.05263157894736842,Very High,"emoji_removed,repeat_normalized,typo_corrected"
2025.12.05,5점,"복합성, 쿨톤, 잡티, 각질",,속건조가 심한 저로서는 꾸준히 사용하고 있는 세럼입니다! 레이어링해서 발라주면 아주 쫀득쫀득한 피부 완성입니다,아누아 피디알엔 히알루론산 캡슐 100 세럼 30mL 기획 (+30mL 리필팩),세럼,27500,속건조가 심한 저로서는 꾸준히 사용하고 있는 세럼입니다! 레이어링해서 발라주면 아주 쫀득쫀득한 피부 완성입니다,속건조가 심한 저로서는 꾸준히 사용하고 있는 세럼입니다! 레이어링해서 발라주면 아주 쫀득쫀득한 피부 완성입니다,1.0,61,0.7868852459016393,0.01639344262295082,Very High,"emoji_removed,repeat_normalized,typo_corrected"
2026.01.08,5점,,한달이상사용,"한달 후기 입니다
피부 타입은 수부지입니다

일단 제형감은 물처럼 흐르는 재형이여서 펴 바를때 부드럽게 펴발려요 그때문에 단점은 너무 금방 써버린다는 점 이랄까..

한달 됬는데
벌써 다 써가요 리필 까지 ㅋㅋ 완전 화잘먹 템! 수분 충전도 되고 저처럼 수부지는 추천 드려요!

리필팩 보관해 놨는데 좀 새어가지고 아까웠어요 ㅠㅠ
가격대가 싸지 않은데 ..ㅠ
화장하기 전에 쓰거나 나이트 루틴에 써줬어요! Pdrn 효과는 모르고 수분 충전은 조금 효과를 봐서 재구매 의사는 70%정도..?
일단 가격대가 pdrn 치곤 싼거 같은데 한달안에 다 사용하면 좀..부담 스러워서요..",아누아 피디알엔 히알루론산 캡슐 100 세럼 30mL 기획 (+30mL 리필팩),세럼,27500,"한달 후기 입니다
피부 타입은 수부지입니다

일단 제형감은 물처럼 흐르는 재형이여서 펴 바를때 부드럽게 펴발려요 그때문에 단점은 너무 금방 써버린다는 점 이랄까..

한달 됬는데
벌써 다 써가요 리필 까지 ㅋㅋ 완전 화잘먹 템! 수분 충전도 되고 저처럼 수부지는 추천 드려요!

리필팩 보관해 놨는데 좀 새어가지고 아까웠어요 ㅠㅠ
가격대가 싸지 않은데 ..ㅠ
화장하기 전에 쓰거나 나이트 루틴에 써줬어요! Pdrn 효과는 모르고 수분 충전은 조금 효과를 봐서 재구매 의사는 70%정도..?
일단 가격대가 pdrn 치곤 싼거 같은데 한달안에 다 사용하면 좀..부담 스러워서요..",한달 후기 입니다 피부 타입은 수부지입니다 일단 제형감은 물처럼 흐르는 재형이여서 펴 바를때 부드럽게 펴발려요 그때문에 단점은 너무 금방 써버린다는 점 이랄까. 한달 됬는데 벌써 다 써가요 리필 까지 완전 화잘먹 템! 수분 충전도 되고 저처럼 수부지는 추천 드려요! 리필팩 보관해 놨는데 좀 새어가지고 아까웠어요 가격대가 싸지 않은데 . 화장하기 전에 쓰거나 나이트 루틴에 써줬어요! Pdrn 효과는 모르고 수분 충전은 조금 효과를 봐서 재구매 의사는 70정도 일단 가격대가 pdrn 치곤 싼거 같은데 한달안에 다 사용하면 좀.부담 스러워서요.,1.0,304,0.694078947368421,0.06269592476489028,Very High,"emoji_removed,repeat_normalized,typo_corrected"
2026.01.25,4점,,,"PDRN이 유행이기도 하도 제가 여름에 쓰는 세럼이랑 마무리감이 비슷해서
이번 여름에 쓰려고 미리 구매했는데
겨울에도 한번 써보여구요.
겨울에 잘 쓰는 세럼이 있어서 저녁에 실험적으로 사용해봐야겠어요.",아누아 피디알엔 히알루론산 캡슐 100 세럼 30mL 기획 (+30mL 리필팩),세럼,27500,"PDRN이 유행이기도 하도 제가 여름에 쓰는 세럼이랑 마무리감이 비슷해서
이번 여름에 쓰려고 미리 구매했는데
겨울에도 한번 써보여구요.
겨울에 잘 쓰는 세럼이 있어서 저녁에 실험적으로 사용해봐야겠어요.",PDRN이 유행이기도 하도 제가 여름에 쓰는 세럼이랑 마무리감이 비슷해서 이번 여름에 쓰려고 미리 구매했는데 겨울에도 한번 써보여구요. 겨울에 잘 쓰는 세럼이 있어서 저녁에 실험적으로 사용해봐야겠어요.,1.0,112,0.7321428571428571,0.017857142857142856,Very High,"emoji_removed,repeat_normalized,typo_corrected"
2026.01.24,5점,,,막 명성만큼 좋은건 아닌거같아요. 너무 기름진 느낌이였어요,아누아 피디알엔 히알루론산 캡슐 100 세럼 30mL 기획 (+30mL 리필팩),세럼,27500,막 명성만큼 좋은건 아닌거같아요. 너무 기름진 느낌이였어요,막 명성만큼 좋은건 아닌거같아요. 너무 기름진 느낌이였어요,1.0,32,0.78125,0.03125,Very High,"emoji_removed,repeat_normalized,typo_corrected"
2026.01.25,5점,,,"내돈내산.속건조 구원템! 아누아 히알루론 앰플 사용 후기
​평소 세안 후 입가와 볼 주위 당김이 심한 극건성+민감성 피부 입니다. 환절기마다 피부 요철이 올라오고 화장이 들뜨는 게 고민이라 성분 착하기로 유명한 아누아 제품을 구매해 봤는데, 벌써 한 통을 거의 비워가네요.
​✅ 1. 제형 및 발림성 (끈적임 NO!)
​히알루론산 제품 특유의 끈적이고 미끈거리는 느낌을 정말 싫어하는데, 이 제품은 물처럼 흐르는 듯하면서도 약간의 점성이 느껴지는 콧물 제형이에요. 피부에 올리면 겉돌지 않고 바로 착! 흡수됩니다. 마무리감이 산뜻해서 바로 메이크업을 해도 밀리지 않는 게 가장 큰 장점이에요.
​✅ 2. 보습력 및 속건조 개선
​7가지 복합 히알루론산이 들어있어서 그런지, 겉만 번들거리는 게 아니라 피부 속까지 수분이 꽉 차는 느낌을 받았어요.
​사용 전: 세안 후 3분만 지나도 피부가 찢어질 듯 당김.
​사용 후: 앰플 한 번만 레이어링 해줘도 당김이 확연히 줄어들고 피부가 쫀득해짐.
​✅ 3. 성분 및 자극 정도
​아누아답게 성분이 정말 순합니다. 화해 어플로 확인해 봐도 유해 성분이 거의 없고, 화이트 플라워 콤플렉스 덕분인지 진정 효과도 훌륭해요. 피부 컨디션 안 좋은 날 듬뿍 얹고 자면 다음 날 붉은 기가 많이 가라앉아 있습니다. 향도 거의 무향에 가까워 향료에 예민하신 분들도 안심하고 쓰실 수 있어요.
​💡 저만의 활용 꿀팁!
​3레이어링 공법: 유독 건조한 날에는 얇게 세 번 덧발라보세요. 웬만한 수분 팩보다 촉촉함이 오래갑니다.
​파운데이션 믹스: 매트한 파운데이션에 앰플을 딱 한 방울만 섞어보세요. 은은한 속광이 올라오면서 밀착력이 배가 됩니다.
​세일할 때 쟁여두는 걸 추천해요•~
​재구매 의사 200%입니다. 자극 없이 수분 본연의 기능에 충실한 앰플을 찾으시는 분들, 특히 사계절 내내 속건조로 고생하는 수부지(수분 부족형 지성)나 건성분들에게 강력 추천드려요!
​",아누아 피디알엔 히알루론산 캡슐 100 세럼 30mL 기획 (+30mL 리필팩),세럼,27500,"내돈내산.속건조 구원템! 아누아 히알루론 앰플 사용 후기
​평소 세안 후 입가와 볼 주위 당김이 심한 극건성+민감성 피부 입니다. 환절기마다 피부 요철이 올라오고 화장이 들뜨는 게 고민이라 성분 착하기로 유명한 아누아 제품을 구매해 봤는데, 벌써 한 통을 거의 비워가네요.
​✅ 1. 제형 및 발림성 (끈적임 NO!)
​히알루론산 제품 특유의 끈적이고 미끈거리는 느낌을 정말 싫어하는데, 이 제품은 물처럼 흐르는 듯하면서도 약간의 점성이 느껴지는 콧물 제형이에요. 피부에 올리면 겉돌지 않고 바로 착! 흡수됩니다. 마무리감이 산뜻해서 바로 메이크업을 해도 밀리지 않는 게 가장 큰 장점이에요.
​✅ 2. 보습력 및 속건조 개선
​7가지 복합 히알루론산이 들어있어서 그런지, 겉만 번들거리는 게 아니라 피부 속까지 수분이 꽉 차는 느낌을 받았어요.
​사용 전: 세안 후 3분만 지나도 피부가 찢어질 듯 당김.
​사용 후: 앰플 한 번만 레이어링 해줘도 당김이 확연히 줄어들고 피부가 쫀득해짐.
​✅ 3. 성분 및 자극 정도
​아누아답게 성분이 정말 순합니다. 화해 어플로 확인해 봐도 유해 성분이 거의 없고, 화이트 플라워 콤플렉스 덕분인지 진정 효과도 훌륭해요. 피부 컨디션 안 좋은 날 듬뿍 얹고 자면 다음 날 붉은 기가 많이 가라앉아 있습니다. 향도 거의 무향에 가까워 향료에 예민하신 분들도 안심하고 쓰실 수 있어요.
​💡 저만의 활용 꿀팁!
​3레이어링 공법: 유독 건조한 날에는 얇게 세 번 덧발라보세요. 웬만한 수분 팩보다 촉촉함이 오래갑니다.
​파운데이션 믹스: 매트한 파운데이션에 앰플을 딱 한 방울만 섞어보세요. 은은한 속광이 올라오면서 밀착력이 배가 됩니다.
​세일할 때 쟁여두는 걸 추천해요•~
​재구매 의사 200%입니다. 자극 없이 수분 본연의 기능에 충실한 앰플을 찾으시는 분들, 특히 사계절 내내 속건조로 고생하는 수부지(수분 부족형 지성)나 건성분들에게 강력 추천드려요!
​","내돈내산.속건조 구원템! 아누아 히알루론 앰플 사용 후기 평소 세안 후 입가와 볼 주위 당김이 심한 극건성민감성 피부 입니다. 환절기마다 피부 요철이 올라오고 화장이 들뜨는 게 고민이라 성분 착하기로 유명한 아누아 제품을 구매해 봤는데, 벌써 한 통을 거의 비워가네요. 1. 제형 및 발림성 끈적임 NO! 히알루론산 제품 특유의 끈적이고 미끈거리는 느낌을 정말 싫어하는데, 이 제품은 물처럼 흐르는 듯하면서도 약간의 점성이 느껴지는 콧물 제형이에요. 피부에 올리면 겉돌지 않고 바로 착! 흡수됩니다. 마무리감이 산뜻해서 바로 메이크업을 해도 밀리지 않는 게 가장 큰 장점이에요. 2. 보습력 및 속건조 개선 7가지 복합 히알루론산이 들어있어서 그런지, 겉만 번들거리는 게 아니라 피부 속까지 수분이 꽉 차는 느낌을 받았어요. 사용 전 세안 후 3분만 지나도 피부가 찢어질 듯 당김. 사용 후 앰플 한 번만 레이어링 해줘도 당김이 확연히 줄어들고 피부가 쫀득해짐. 3. 성분 및 자극 정도 아누아",1.0,500,0.694,0.06111696522655427,Very High,"emoji_removed,repeat_normalized,typo_corrected"
2026.01.25,5점,,,"어디서 좋다고 들어보고 올리브영가서 구매했어요
테스트 했을때 물같은 스킨같아요
촉촉하고 가벼워서 끈적이는거 싫어하는사람은 좋아할것같아요
여러번 레이어드해서 사용하면 너무 좋을것같아요!
물같은 느낌이라 자극없고 저는 오래 사용해볼 예정이에요
가격도 너무 저렴한데 PDRN성분이라 너무 좋네요♥️",아누아 피디알엔 히알루론산 캡슐 100 세럼 30mL 기획 (+30mL 리필팩),세럼,27500,"어디서 좋다고 들어보고 올리브영가서 구매했어요
테스트 했을때 물같은 스킨같아요
촉촉하고 가벼워서 끈적이는거 싫어하는사람은 좋아할것같아요
여러번 레이어드해서 사용하면 너무 좋을것같아요!
물같은 느낌이라 자극없고 저는 오래 사용해볼 예정이에요
가격도 너무 저렴한데 PDRN성분이라 너무 좋네요♥️",어디서 좋다고 들어보고 올리브영가서 구매했어요 테스트 했을때 물같은 스킨같아요 촉촉하고 가벼워서 끈적이는거 싫어하는사람은 좋아할것같아요 여러번 레이어드해서 사용하면 너무 좋을것같아요! 물같은 느낌이라 자극없고 저는 오래 사용해볼 예정이에요 가격도 너무 저렴한데 PDRN성분이라 너무 좋네요,1.0,161,0.7763975155279503,0.012269938650306749,Very High,"emoji_removed,repeat_normalized,typo_corrected"
2025.12.23,4점,"복합성, 쿨톤, 주름, 블랙헤드",,"엄청 좋다고 해서 사봤는데 잘은 모르겠네요
제형이 거의 물입니다. 얼굴에 한방울 떨어트리면 또르르르 흘러 내리니 잘 바르셔야함. ㅋ",아누아 피디알엔 히알루론산 캡슐 100 세럼 30mL 기획 (+30mL 리필팩),세럼,27500,"엄청 좋다고 해서 사봤는데 잘은 모르겠네요
제형이 거의 물입니다. 얼굴에 한방울 떨어트리면 또르르르 흘러 내리니 잘 바르셔야함. ㅋ",엄청 좋다고 해서 사봤는데 잘은 모르겠네요 제형이 거의 물입니다. 얼굴에 한방울 떨어트리면 또르르르 흘러 내리니 잘 바르셔야함.,1.0,71,0.7464788732394366,0.0410958904109589,Very High,"emoji_removed,repeat_normalized,typo_corrected"
2025.12.18,5점,,,"저는 50으로 시작하고 100쓰는 중인데 확실히 50보다 효과가 있어요

기획이라 리필 득템해서 좋아요😃",아누아 피디알엔 히알루론산 캡슐 100 세럼 30mL 기획 (+30mL 리필팩),세럼,27500,"저는 50으로 시작하고 100쓰는 중인데 확실히 50보다 효과가 있어요

기획이라 리필 득템해서 좋아요😃",저는 50으로 시작하고 100쓰는 중인데 확실히 50보다 효과가 있어요 기획이라 리필 득템해서 좋아요,1.0,56,0.6607142857142857,0.0,Very High,"emoji_removed,repeat_normalized,typo_corrected"
2025.12.17,3점,,재구매,"아누아 피디알엔 히알루론산 수분
무난하게 쓰기 좋을 제품입니다",아누아 피디알엔 히알루론산 캡슐 100 세럼 30mL 기획 (+30mL 리필팩),세럼,27500,"아누아 피디알엔 히알루론산 수분
무난하게 쓰기 좋을 제품입니다",아누아 피디알엔 히알루론산 수분 무난하게 쓰기 좋을 제품입니다,1.0,34,0.7941176470588235,0.0,Very High,"emoji_removed,repeat_normalized,typo_corrected"
2025.12.17,4점,,재구매,"아누아 피디알엔 히알루론산 수분
저자극 클렌징 폼 아직 사용정입니다
언고잉했으면 좋을 것 같어요",아누아 피디알엔 히알루론산 캡슐 100 세럼 30mL 기획 (+30mL 리필팩),세럼,27500,"아누아 피디알엔 히알루론산 수분
저자극 클렌징 폼 아직 사용정입니다
언고잉했으면 좋을 것 같어요",아누아 피디알엔 히알루론산 수분 저자극 클렌징 폼 아직 사용정입니다 언고잉했으면 좋을 것 같어요,1.0,53,0.7735849056603774,0.0,Very High,"emoji_removed,repeat_normalized,typo_corrected"
2025.12.17,4점,,재구매,"아누아 피디알엔 히알루론산 수분
무난하게 쓰기
좋운 제품입니다",아누아 피디알엔 히알루론산 캡슐 100 세럼 30mL 기획 (+30mL 리필팩),세럼,27500,"아누아 피디알엔 히알루론산 수분
무난하게 쓰기
좋운 제품입니다",아누아 피디알엔 히알루론산 수분 무난하게 쓰기 좋운 제품입니다,1.0,34,0.7941176470588235,0.0,Very High,"emoji_removed,repeat_normalized,typo_corrected"
2025.12.17,3점,,재구매,"아누아 피디알엔 100 히알루론산 세럼
물같은 제형이라 사용하기 부담없음",아누아 피디알엔 히알루론산 캡슐 100 세럼 30mL 기획 (+30mL 리필팩),세럼,27500,"아누아 피디알엔 100 히알루론산 세럼
물같은 제형이라 사용하기 부담없음",아누아 피디알엔 100 히알루론산 세럼 물같은 제형이라 사용하기 부담없음,1.0,40,0.725,0.0,Very High,"emoji_removed,repeat_normalized,typo_corrected"
2025.12.17,4점,,재구매,아누아 피디알엔 100 히알루론산 세럼 인공향이 안들어가서 좋은 냄새는 안나요 하지만 전 그래서 좋음,아누아 피디알엔 히알루론산 캡슐 100 세럼 30mL 기획 (+30mL 리필팩),세럼,27500,아누아 피디알엔 100 히알루론산 세럼 인공향이 안들어가서 좋은 냄새는 안나요 하지만 전 그래서 좋음,아누아 피디알엔 100 히알루론산 세럼 인공향이 안들어가서 좋은 냄새는 안나요 하지만 전 그래서 좋음,1.0,56,0.7142857142857143,0.0,Very High,"emoji_removed,repeat_normalized,typo_corrected"
2025.12.17,4점,,한달이상사용,아누아 pdrn피디알엔 세럼에 크림주는 기획세트 좋은데 판매끝난건가요? 아쉽네요,아누아 피디알엔 히알루론산 캡슐 100 세럼 30mL 기획 (+30mL 리필팩),세럼,27500,아누아 pdrn피디알엔 세럼에 크림주는 기획세트 좋은데 판매끝난건가요? 아쉽네요,아누아 pdrn피디알엔 세럼에 크림주는 기획세트 좋은데 판매끝난건가요? 아쉽네요,1.0,44,0.7272727272727273,0.022727272727272728,Very High,"emoji_removed,repeat_normalized,typo_corrected"
2025.12.12,5점,,,"공병 of　공병템입니다.
수부지가 봄여름가을에 쓰기 좋은 앰플이라고 생각해요. 겉돌지 않는데 수분은 채워주고 기름기는 없어요
다만 겨울? 에는 제가 나이가 들어서 그런지 이걸로는 부족합니다 ㅠㅠ",아누아 피디알엔 히알루론산 캡슐 100 세럼 30mL 기획 (+30mL 리필팩),세럼,27500,"공병 of　공병템입니다.
수부지가 봄여름가을에 쓰기 좋은 앰플이라고 생각해요. 겉돌지 않는데 수분은 채워주고 기름기는 없어요
다만 겨울? 에는 제가 나이가 들어서 그런지 이걸로는 부족합니다 ㅠㅠ",공병 of 공병템입니다. 수부지가 봄여름가을에 쓰기 좋은 앰플이라고 생각해요. 겉돌지 않는데 수분은 채워주고 기름기는 없어요 다만 겨울? 에는 제가 나이가 들어서 그런지 이걸로는 부족합니다,1.0,105,0.7333333333333333,0.046296296296296294,Very High,"emoji_removed,repeat_normalized,typo_corrected"
2025.12.01,5점,"건성, 쿨톤, 잡티, 트러블",,자극없이 순해서 좋아요~ 계속 쓰고 있습니다~! 짱짱👍👍,아누아 피디알엔 히알루론산 캡슐 100 세럼 30mL 기획 (+30mL 리필팩),세럼,27500,자극없이 순해서 좋아요~ 계속 쓰고 있습니다~! 짱짱👍👍,자극없이 순해서 좋아요 계속 쓰고 있습니다! 짱짱,0.8,27,0.7407407407407407,0.10344827586206896,High,"emoji_removed,repeat_normalized,typo_corrected"
2026.01.21,5점,,한달이상사용,"한 달 후기입니다:D

만족스럽게 잘 사용하고 있어요!

수분감도 좋고 너무 미끌거리나 끈적하지 않아서 피부가 아주 가벼운 느낌이라 좋아요.

그리고 앰플이랑 크림이랑 같이 사용하면 시너지가 좋아서 같이 사용해야겠더라고요.
다만 가격이 좀 사악해서 세일기간을 노려야 할 것 같아요🥺

아무튼 제품 자체는 굉장히 만족하고 재구매할 의향도 있습니다~",아누아 피디알엔 히알루론산 캡슐 100 세럼 30mL 기획 (+30mL 리필팩),세럼,27500,"한 달 후기입니다:D

만족스럽게 잘 사용하고 있어요!

수분감도 좋고 너무 미끌거리나 끈적하지 않아서 피부가 아주 가벼운 느낌이라 좋아요.

그리고 앰플이랑 크림이랑 같이 사용하면 시너지가 좋아서 같이 사용해야겠더라고요.
다만 가격이 좀 사악해서 세일기간을 노려야 할 것 같아요🥺

아무튼 제품 자체는 굉장히 만족하고 재구매할 의향도 있습니다~",한 달 후기입니다 만족스럽게 잘 사용하고 있어요! 수분감도 좋고 너무 미끌거리나 끈적하지 않아서 피부가 아주 가벼운 느낌이라 좋아요. 그리고 앰플이랑 크림이랑 같이 사용하면 시너지가 좋아서 같이 사용해야겠더라고요. 다만 가격이 좀 사악해서 세일기간을 노려야 할 것 같아요 아무튼 제품 자체는 굉장히 만족하고 재구매할 의향도 있습니다,1.0,185,0.7513513513513513,0.021505376344086023,Very High,"emoji_removed,repeat_normalized,typo_corrected"
2025.12.16,5점,"복합성, 겨울쿨톤, 미백, 주름",한달이상사용,"PDRN이랑 히알루론산 조합이라니, 피부과 성분이래서 홀린 듯이 구매했어요! 기획으로 크림까지 줘서 완전 득템ㅋㅋ 한 달 동안 꾸준히 발라봤습니다!

세럼 안에 캡슐이 들어있는데 바를 때마다 터지는 느낌이 넘 좋아요👍🏻 흡수력도 빨라서 끈적임 없이 촉촉하게 마무리돼서 넘 좋아요ㅎㅎ

솔직히 처음 며칠은 그냥 그런가 했는데, 한 달 정도 쓰니까 아침에 일어났을 때 피부에 확실히 광이 돌아요! 속당김도 많이 잡힌 느낌! 피부가 쫀쫀해지는 느낌이 들어서 만족!

건조함이랑 탄력 고민이면 무조건 투자할 가치가 있어요! 가성비 최고 인정.

속건조 잡고 꿀광 피부 만들고 싶은 분들께 무조건 강추입니다! 넘 만족합니다!",아누아 피디알엔 히알루론산 캡슐 100 세럼 30mL 기획 (+30mL 리필팩),세럼,27500,"PDRN이랑 히알루론산 조합이라니, 피부과 성분이래서 홀린 듯이 구매했어요! 기획으로 크림까지 줘서 완전 득템ㅋㅋ 한 달 동안 꾸준히 발라봤습니다!

세럼 안에 캡슐이 들어있는데 바를 때마다 터지는 느낌이 넘 좋아요👍🏻 흡수력도 빨라서 끈적임 없이 촉촉하게 마무리돼서 넘 좋아요ㅎㅎ

솔직히 처음 며칠은 그냥 그런가 했는데, 한 달 정도 쓰니까 아침에 일어났을 때 피부에 확실히 광이 돌아요! 속당김도 많이 잡힌 느낌! 피부가 쫀쫀해지는 느낌이 들어서 만족!

건조함이랑 탄력 고민이면 무조건 투자할 가치가 있어요! 가성비 최고 인정.

속건조 잡고 꿀광 피부 만들고 싶은 분들께 무조건 강추입니다! 넘 만족합니다!","PDRN이랑 히알루론산 조합이라니, 피부과 성분이래서 홀린 듯이 구매했어요! 기획으로 크림까지 줘서 완전 득템 한 달 동안 꾸준히 발라봤습니다! 세럼 안에 캡슐이 들어있는데 바를 때마다 터지는 느낌이 넘 좋아요 흡수력도 빨라서 끈적임 없이 촉촉하게 마무리돼서 넘 좋아요 솔직히 처음 며칠은 그냥 그런가 했는데, 한 달 정도 쓰니까 아침에 일어났을 때 피부에 확실히 광이 돌아요! 속당김도 많이 잡힌 느낌! 피부가 쫀쫀해지는 느낌이 들어서 만족! 건조함이랑 탄력 고민이면 무조건 투자할 가치가 있어요! 가성비 최고 인정. 속건조 잡고 꿀광 피부 만들고 싶은 분들께 무조건 강추입니다! 넘 만족합니다!",1.0,334,0.7095808383233533,0.04437869822485207,Very High,"emoji_removed,repeat_normalized,typo_corrected"
2025.12.01,5점,,한달이상사용,"한달 이상 사용후기 올려요~아누아 세럼은 처음 써보는데 좋네요~^^일단 제 피부타입은 수분부족형 지성피부이고, 민감성이라 화장품 아무거나 못써요ㅠㅠ순한 성분이 들어간 제품은 제 피부에 잘 맞는 편이라 안심하고 써요~~아누아 마스크 시트팩도 잘 맞아서 가끔 사서 쓰곤 했답니다~~^^ 이번에 세일해서 사게되었고,세럼이 듬뿍 있는 점이 좋았어요~~^^피부관리 제대로 하는 기분이라 좋았고,세럼 바르면 피부가 촉촉해지고 미리 쟁여둔 마스크팩 마스크시트로 수딩효과까지 있어서 매우 잘 사용했습니다ㅎㅎㅎ 시트팩은 보통 주1회정도 하는 편인데, 민감할때는 더 자주 사용하기도 해요~~세럼이랑 마스크팩 둘다 쓰기 좋아서 다음번에도 재구매 할 의향 충분히 있습니다ㅎㅎ부작용없이 잘쓰고 있어요~",아누아 피디알엔 히알루론산 캡슐 100 세럼 30mL 기획 (+30mL 리필팩),세럼,27500,"한달 이상 사용후기 올려요~아누아 세럼은 처음 써보는데 좋네요~^^일단 제 피부타입은 수분부족형 지성피부이고, 민감성이라 화장품 아무거나 못써요ㅠㅠ순한 성분이 들어간 제품은 제 피부에 잘 맞는 편이라 안심하고 써요~~아누아 마스크 시트팩도 잘 맞아서 가끔 사서 쓰곤 했답니다~~^^ 이번에 세일해서 사게되었고,세럼이 듬뿍 있는 점이 좋았어요~~^^피부관리 제대로 하는 기분이라 좋았고,세럼 바르면 피부가 촉촉해지고 미리 쟁여둔 마스크팩 마스크시트로 수딩효과까지 있어서 매우 잘 사용했습니다ㅎㅎㅎ 시트팩은 보통 주1회정도 하는 편인데, 민감할때는 더 자주 사용하기도 해요~~세럼이랑 마스크팩 둘다 쓰기 좋아서 다음번에도 재구매 할 의향 충분히 있습니다ㅎㅎ부작용없이 잘쓰고 있어요~","한달 이상 사용후기 올려요아누아 세럼은 처음 써보는데 좋네요 일단 제 피부타입은 수분부족형 지성피부이고, 민감성이라 화장품 아무거나 못써요순한 성분이 들어간 제품은 제 피부에 잘 맞는 편이라 안심하고 써요아누아 마스크 시트팩도 잘 맞아서 가끔 사서 쓰곤 했답니다 이번에 세일해서 사게되었고,세럼이 듬뿍 있는 점이 좋았어요 피부관리 제대로 하는 기분이라 좋았고,세럼 바르면 피부가 촉촉해지고 미리 쟁여둔 마스크팩 마스크시트로 수딩효과까지 있어서 매우 잘 사용했습니다 시트팩은 보통 주1회정도 하는 편인데, 민감할때는 더 자주 사용하기도 해요세럼이랑 마스크팩 둘다 쓰기 좋아서 다음번에도 재구매 할 의향 충분히 있습니다부작용없이 잘쓰고 있어요",1.0,357,0.7619047619047619,0.051075268817204304,Very High,"emoji_removed,repeat_normalized,typo_corrected"
2026.01.04,3점,,,"자극은 없는거 같아요.
하지만 보습이 약해서 2중, 3중 덧바릅니다.",아누아 피디알엔 히알루론산 캡슐 100 세럼 30mL 기획 (+30mL 리필팩),세럼,27500,"자극은 없는거 같아요.
하지만 보습이 약해서 2중, 3중 덧바릅니다.","자극은 없는거 같아요. 하지만 보습이 약해서 2중, 3중 덧바릅니다.",1.0,38,0.6578947368421053,0.07894736842105263,Very High,"emoji_removed,repeat_normalized,typo_corrected"
2025.12.30,5점,"지성, 여름쿨톤, 잡티, 트러블",,"끈적끈적함 없이 딱 피부에 수분감만 착 감싸주는 느낌이라서 좋아요!!
환절기에 잘 사용 가능해요",아누아 피디알엔 히알루론산 캡슐 100 세럼 30mL 기획 (+30mL 리필팩),세럼,27500,"끈적끈적함 없이 딱 피부에 수분감만 착 감싸주는 느낌이라서 좋아요!!
환절기에 잘 사용 가능해요",끈적끈적함 없이 딱 피부에 수분감만 착 감싸주는 느낌이라서 좋아요! 환절기에 잘 사용 가능해요,1.0,52,0.75,0.03773584905660377,Very High,"emoji_removed,repeat_normalized,typo_corrected"
2025.12.11,5점,"복합성, 쿨톤, 블랙헤드, 피지과다",한달이상사용,"인공 눈물처럼 생긴 게 너무 좋아서 샀는데 이것도 괜찮아요!!
pdrn있어서 약간 미끄덩 하긴 한데 되게 좋고 아침에 스킨케어 할 때도 괜찮은 거 같긴 해요
쓸 때 팍팍 써 가지고 엄청 많이 써서 훅 닳아져요😁",아누아 피디알엔 히알루론산 캡슐 100 세럼 30mL 기획 (+30mL 리필팩),세럼,27500,"인공 눈물처럼 생긴 게 너무 좋아서 샀는데 이것도 괜찮아요!!
pdrn있어서 약간 미끄덩 하긴 한데 되게 좋고 아침에 스킨케어 할 때도 괜찮은 거 같긴 해요
쓸 때 팍팍 써 가지고 엄청 많이 써서 훅 닳아져요😁",인공 눈물처럼 생긴 게 너무 좋아서 샀는데 이것도 괜찮아요! pdrn있어서 약간 미끄덩 하긴 한데 되게 좋고 아침에 스킨케어 할 때도 괜찮은 거 같긴 해요 쓸 때 팍팍 써 가지고 엄청 많이 써서 훅 닳아져요,1.0,115,0.6695652173913044,0.017241379310344827,Very High,"emoji_removed,repeat_normalized,typo_corrected"
2025.12.08,5점,"복합성, 여름쿨톤, 잡티, 미백",,워낙 핫해서 구매해봤어요. 물처럼 흘러서 바를 때 조심해야하는 데 마무리감이 촉촉해서 좋습니다. 구매하고 얼마안있다 더 할인해서 마음은 아프지만 ㅠㅠ,아누아 피디알엔 히알루론산 캡슐 100 세럼 30mL 기획 (+30mL 리필팩),세럼,27500,워낙 핫해서 구매해봤어요. 물처럼 흘러서 바를 때 조심해야하는 데 마무리감이 촉촉해서 좋습니다. 구매하고 얼마안있다 더 할인해서 마음은 아프지만 ㅠㅠ,워낙 핫해서 구매해봤어요. 물처럼 흘러서 바를 때 조심해야하는 데 마무리감이 촉촉해서 좋습니다. 구매하고 얼마안있다 더 할인해서 마음은 아프지만,1.0,80,0.7625,0.04819277108433735,Very High,"emoji_removed,repeat_normalized,typo_corrected"
2025.12.07,5점,"복합성, 여름쿨톤, 잡티, 미백",,주르륵 흐르는 타입이라서 바를 때 주의 필요. 속건조 잡혀서 좋음,아누아 피디알엔 히알루론산 캡슐 100 세럼 30mL 기획 (+30mL 리필팩),세럼,27500,주르륵 흐르는 타입이라서 바를 때 주의 필요. 속건조 잡혀서 좋음,주르륵 흐르는 타입이라서 바를 때 주의 필요. 속건조 잡혀서 좋음,1.0,36,0.7222222222222222,0.027777777777777776,Very High,"emoji_removed,repeat_normalized,typo_corrected"
2025.12.05,5점,"건성, 웜톤, 트러블",,매일쓰는 제품이에요 그냥 세일할 때 쟁여놓습니다 또 재구매헐게요,아누아 피디알엔 히알루론산 캡슐 100 세럼 30mL 기획 (+30mL 리필팩),세럼,27500,매일쓰는 제품이에요 그냥 세일할 때 쟁여놓습니다 또 재구매헐게요,매일쓰는 제품이에요 그냥 세일할 때 쟁여놓습니다 또 재구매헐게요,1.0,35,0.8,0.0,Very High,"emoji_removed,repeat_normalized,typo_corrected"
2025.12.04,5점,"복합성, 쿨톤, 트러블, 모공",,광고 많이 하길래 한 번 사봤는데 실제로 제품이 좋아서 놀랐어요!! 생각보다 보습에 효과가 있더라구요. 입주변에 각질 뜨던 거 가러앉아서 좋습니다!!,아누아 피디알엔 히알루론산 캡슐 100 세럼 30mL 기획 (+30mL 리필팩),세럼,27500,광고 많이 하길래 한 번 사봤는데 실제로 제품이 좋아서 놀랐어요!! 생각보다 보습에 효과가 있더라구요. 입주변에 각질 뜨던 거 가러앉아서 좋습니다!!,광고 많이 하길래 한 번 사봤는데 실제로 제품이 좋아서 놀랐어요! 생각보다 보습에 효과가 있더라구요. 입주변에 각질 뜨던 거 가러앉아서 좋습니다!,1.0,81,0.7283950617283951,0.060240963855421686,Very High,"emoji_removed,repeat_normalized,typo_corrected"
2025.12.04,5점,"복합성, 겨울쿨톤, 미백, 주름",,앰플 두번째 구입이예요 아직 남았는데 세일해서 미리 사둠. 특별한 효과가 있진 않지만 무난템으로 좋아요. 다만 물처럼 흘러서 얼굴에 대고 앰플 올려준다음 빠르게 발라야해요.,아누아 피디알엔 히알루론산 캡슐 100 세럼 30mL 기획 (+30mL 리필팩),세럼,27500,앰플 두번째 구입이예요 아직 남았는데 세일해서 미리 사둠. 특별한 효과가 있진 않지만 무난템으로 좋아요. 다만 물처럼 흘러서 얼굴에 대고 앰플 올려준다음 빠르게 발라야해요.,앰플 두번째 구입이예요 아직 남았는데 세일해서 미리 사둠. 특별한 효과가 있진 않지만 무난템으로 좋아요. 다만 물처럼 흘러서 얼굴에 대고 앰플 올려준다음 빠르게 발라야해요.,1.0,96,0.7395833333333334,0.03125,Very High,"emoji_removed,repeat_normalized,typo_corrected"
2025.12.02,3점,"복합성, 웜톤, 잡티, 모공",한달이상사용,"저는 생각보다 끈적거려서 아쉽지만 에센스니까...라는 생각하면 그럭저럭 쓸만해여~너무 홍보,광고에 혹한것같아여 ㅋ",아누아 피디알엔 히알루론산 캡슐 100 세럼 30mL 기획 (+30mL 리필팩),세럼,27500,"저는 생각보다 끈적거려서 아쉽지만 에센스니까...라는 생각하면 그럭저럭 쓸만해여~너무 홍보,광고에 혹한것같아여 ㅋ","저는 생각보다 끈적거려서 아쉽지만 에센스니까라는 생각하면 그럭저럭 쓸만해여너무 홍보,광고에 혹한것같아여",1.0,57,0.8245614035087719,0.05,Very High,"emoji_removed,repeat_normalized,typo_corrected"
2025.12.02,4점,,한달이상사용,"물고 피부에 자극적이지 않아서 사용하기 좋은 것 같은 데 엄청난 효과는 아직 잘 모르겠어요. 엄청 유명해서 처음 구매해 봤는데, 제 구매 까지는 아직 잘 모르겠어요.",아누아 피디알엔 히알루론산 캡슐 100 세럼 30mL 기획 (+30mL 리필팩),세럼,27500,"물고 피부에 자극적이지 않아서 사용하기 좋은 것 같은 데 엄청난 효과는 아직 잘 모르겠어요. 엄청 유명해서 처음 구매해 봤는데, 제 구매 까지는 아직 잘 모르겠어요.","물고 피부에 자극적이지 않아서 사용하기 좋은 것 같은 데 엄청난 효과는 아직 잘 모르겠어요. 엄청 유명해서 처음 구매해 봤는데, 제 구매 까지는 아직 잘 모르겠어요.",1.0,92,0.7065217391304348,0.03260869565217391,Very High,"emoji_removed,repeat_normalized,typo_corrected"
2025.12.01,5점,"복합성, 웜톤, 미백, 주름",한달이상사용,한달동안 사용하고있는데 정말 잘 사용하고있는 제품이에요 다쓰면 또 재구매예정템입니다,아누아 피디알엔 히알루론산 캡슐 100 세럼 30mL 기획 (+30mL 리필팩),세럼,27500,한달동안 사용하고있는데 정말 잘 사용하고있는 제품이에요 다쓰면 또 재구매예정템입니다,한달동안 사용하고있는데 정말 잘 사용하고있는 제품이에요 다쓰면 또 재구매예정템입니다,1.0,46,0.8260869565217391,0.0,Very High,"emoji_removed,repeat_normalized,typo_corrected"
2026.01.16,1점,,한달이상사용,제형은 분명히 물같은데 굉장히 오일리 합니다. 그게 모공을 막는 느낌도 들구요. 실제로 3일 동안 썼는데 계속 좁쌀 여드름이 났어요....ㅠ,아누아 피디알엔 히알루론산 캡슐 100 세럼 30mL 기획 (+30mL 리필팩),세럼,27500,제형은 분명히 물같은데 굉장히 오일리 합니다. 그게 모공을 막는 느낌도 들구요. 실제로 3일 동안 썼는데 계속 좁쌀 여드름이 났어요....ㅠ,제형은 분명히 물같은데 굉장히 오일리 합니다. 그게 모공을 막는 느낌도 들구요. 실제로 3일 동안 썼는데 계속 좁쌀 여드름이 났어요,1.0,73,0.7123287671232876,0.04054054054054054,Very High,"emoji_removed,repeat_normalized,typo_corrected"
2026.01.19,3점,,,피디알엔 효과는 아직 모르겠고 제형이 가볍고 진짜 순해서 부담없이 쓸 수 있어요! 처음에는 워낙 물같아서 토너 대용으로도 사용 가능 할 줄 알았는데 막상 바르니까 기존 앰플 처럼 수분감이랑 쫀쫀함? 유분기가 있어서 대용 보다는 그냥 수부지나 지성이 여름에 가벼운 앰플 바르고 싶을 때 좋을 듯 요!!,아누아 피디알엔 히알루론산 캡슐 100 세럼 30mL 기획 (+30mL 리필팩),세럼,27500,피디알엔 효과는 아직 모르겠고 제형이 가볍고 진짜 순해서 부담없이 쓸 수 있어요! 처음에는 워낙 물같아서 토너 대용으로도 사용 가능 할 줄 알았는데 막상 바르니까 기존 앰플 처럼 수분감이랑 쫀쫀함? 유분기가 있어서 대용 보다는 그냥 수부지나 지성이 여름에 가벼운 앰플 바르고 싶을 때 좋을 듯 요!!,피디알엔 효과는 아직 모르겠고 제형이 가볍고 진짜 순해서 부담없이 쓸 수 있어요! 처음에는 워낙 물같아서 토너 대용으로도 사용 가능 할 줄 알았는데 막상 바르니까 기존 앰플 처럼 수분감이랑 쫀쫀함? 유분기가 있어서 대용 보다는 그냥 수부지나 지성이 여름에 가벼운 앰플 바르고 싶을 때 좋을 듯 요!,1.0,166,0.7168674698795181,0.023952095808383235,Very High,"emoji_removed,repeat_normalized,typo_corrected"
2026.01.25,5점,"복합성, 봄웜톤, 잡티, 미백",한달이상사용,"자극 없이 순하게 잘 맞아요.
흡수도 빠르고 끈적임 없어서 데일리로 쓰기 좋아요.
피부 컨디션 안정되는 느낌이라 계속 사용할 예정입니다.",아누아 피디알엔 히알루론산 캡슐 100 세럼 30mL 기획 (+30mL 리필팩),세럼,27500,"자극 없이 순하게 잘 맞아요.
흡수도 빠르고 끈적임 없어서 데일리로 쓰기 좋아요.
피부 컨디션 안정되는 느낌이라 계속 사용할 예정입니다.",자극 없이 순하게 잘 맞아요. 흡수도 빠르고 끈적임 없어서 데일리로 쓰기 좋아요. 피부 컨디션 안정되는 느낌이라 계속 사용할 예정입니다.,1.0,76,0.7236842105263158,0.039473684210526314,Very High,"emoji_removed,repeat_normalized,typo_corrected"
2026.01.25,5점,"복합성, 쿨톤, 잡티, 미백",,피부 쫀쫀해짐 수분가득함✨ 내 피부에는 잘맞음! Pdrn피부 흡수를 돕기위해 리들샷 먼저 써주고 이거 앰플 쓰눈중임,아누아 피디알엔 히알루론산 캡슐 100 세럼 30mL 기획 (+30mL 리필팩),세럼,27500,피부 쫀쫀해짐 수분가득함✨ 내 피부에는 잘맞음! Pdrn피부 흡수를 돕기위해 리들샷 먼저 써주고 이거 앰플 쓰눈중임,피부 쫀쫀해짐 수분가득함 내 피부에는 잘맞음! Pdrn피부 흡수를 돕기위해 리들샷 먼저 써주고 이거 앰플 쓰눈중임,1.0,63,0.6984126984126984,0.015873015873015872,Very High,"emoji_removed,repeat_normalized,typo_corrected"
2026.01.24,5점,"복합성, 가을웜톤, 모공",,"요즘처럼 건조한계절에 쓰기 딱이에요
피부가 촉촉해지고 전혀 자극도없어요 기획세트가있어서 더 좋아요 수부지 겨울 앰플로 강추합니다",아누아 피디알엔 히알루론산 캡슐 100 세럼 30mL 기획 (+30mL 리필팩),세럼,27500,"요즘처럼 건조한계절에 쓰기 딱이에요
피부가 촉촉해지고 전혀 자극도없어요 기획세트가있어서 더 좋아요 수부지 겨울 앰플로 강추합니다",요즘처럼 건조한계절에 쓰기 딱이에요 피부가 촉촉해지고 전혀 자극도없어요 기획세트가있어서 더 좋아요 수부지 겨울 앰플로 강추합니다,1.0,71,0.8028169014084507,0.0,Very High,"emoji_removed,repeat_normalized,typo_corrected"
2026.01.23,5점,"복합성, 여름쿨톤, 모공",한달이상사용,무난무난하게 쓸 수 있는 세럼입니당 완전 스르륵 흡수되는 재질,아누아 피디알엔 히알루론산 캡슐 100 세럼 30mL 기획 (+30mL 리필팩),세럼,27500,무난무난하게 쓸 수 있는 세럼입니당 완전 스르륵 흡수되는 재질,무난무난하게 쓸 수 있는 세럼입니당 완전 스르륵 흡수되는 재질,1.0,34,0.7647058823529411,0.0,Very High,"emoji_removed,repeat_normalized,typo_corrected"
2026.01.22,4점,,한달이상사용,30미리 크림주는 세럼 기획 맘에 들어요. 주위에 선물도 많이 함,아누아 피디알엔 히알루론산 캡슐 100 세럼 30mL 기획 (+30mL 리필팩),세럼,27500,30미리 크림주는 세럼 기획 맘에 들어요. 주위에 선물도 많이 함,30미리 크림주는 세럼 기획 맘에 들어요. 주위에 선물도 많이 함,1.0,36,0.6666666666666666,0.027777777777777776,Very High,"emoji_removed,repeat_normalized,typo_corrected"
2026.01.22,4점,,재구매,"피디알엔
기획중에 30미리 세럼에 30미리 크림주는게 제일 좋아요",아누아 피디알엔 히알루론산 캡슐 100 세럼 30mL 기획 (+30mL 리필팩),세럼,27500,"피디알엔
기획중에 30미리 세럼에 30미리 크림주는게 제일 좋아요",피디알엔 기획중에 30미리 세럼에 30미리 크림주는게 제일 좋아요,1.0,36,0.6944444444444444,0.0,Very High,"emoji_removed,repeat_normalized,typo_corrected"
2026.01.04,5점,,,"워낙 유명한 pdrn
그중에서도 아누아 앰플 유명해서 사봐요
수분 부스터 효과 있길요",아누아 피디알엔 히알루론산 캡슐 100 세럼 30mL 기획 (+30mL 리필팩),세럼,27500,"워낙 유명한 pdrn
그중에서도 아누아 앰플 유명해서 사봐요
수분 부스터 효과 있길요",워낙 유명한 pdrn 그중에서도 아누아 앰플 유명해서 사봐요 수분 부스터 효과 있길요,1.0,47,0.6808510638297872,0.0,Very High,"emoji_removed,repeat_normalized,typo_corrected"
2025.12.27,5점,"건성, 쿨톤",,토너-세럼-크림 조합이 확실히 수분감이 오래 가는 것 같아요. 건성이 심한 편인데 한 달 넘게 아주 잘 쓰고 있어요! 향이 없다시피하고 레이어링 하기 편한 텍스처라서 여기저기 사용하기 좋아요!,아누아 피디알엔 히알루론산 캡슐 100 세럼 30mL 기획 (+30mL 리필팩),세럼,27500,토너-세럼-크림 조합이 확실히 수분감이 오래 가는 것 같아요. 건성이 심한 편인데 한 달 넘게 아주 잘 쓰고 있어요! 향이 없다시피하고 레이어링 하기 편한 텍스처라서 여기저기 사용하기 좋아요!,토너-세럼-크림 조합이 확실히 수분감이 오래 가는 것 같아요. 건성이 심한 편인데 한 달 넘게 아주 잘 쓰고 있어요! 향이 없다시피하고 레이어링 하기 편한 텍스처라서 여기저기 사용하기 좋아요!,1.0,107,0.7102803738317757,0.04672897196261682,Very High,"emoji_removed,repeat_normalized,typo_corrected"
2025.12.23,5점,"복합성, 여름쿨톤, 잡티, 미백",,인스타광고보고 구매해서 크림이랑 같이썼는데 촉촉해지는 느낌이라 다 쓰고 매장가서 구매했어요! 제형자체는 묽어서 효과가 있나 싶은데 바르고 나면 은근히 광이나고 촉촉한 느낌입니다~!,아누아 피디알엔 히알루론산 캡슐 100 세럼 30mL 기획 (+30mL 리필팩),세럼,27500,인스타광고보고 구매해서 크림이랑 같이썼는데 촉촉해지는 느낌이라 다 쓰고 매장가서 구매했어요! 제형자체는 묽어서 효과가 있나 싶은데 바르고 나면 은근히 광이나고 촉촉한 느낌입니다~!,인스타광고보고 구매해서 크림이랑 같이썼는데 촉촉해지는 느낌이라 다 쓰고 매장가서 구매했어요! 제형자체는 묽어서 효과가 있나 싶은데 바르고 나면 은근히 광이나고 촉촉한 느낌입니다!,1.0,99,0.7777777777777778,0.03,Very High,"emoji_removed,repeat_normalized,typo_corrected"
2025.12.21,5점,,한달이상사용,"후기 좋고 유명해서 사봤는데 이유를 알겠네요~
촉촉하고 자극이 없어요!",아누아 피디알엔 히알루론산 캡슐 100 세럼 30mL 기획 (+30mL 리필팩),세럼,27500,"후기 좋고 유명해서 사봤는데 이유를 알겠네요~
촉촉하고 자극이 없어요!",후기 좋고 유명해서 사봤는데 이유를 알겠네요 촉촉하고 자극이 없어요!,1.0,38,0.7631578947368421,0.05128205128205128,Very High,"emoji_removed,repeat_normalized,typo_corrected"
2025.12.15,4점,"복합성, 쿨톤, 모공, 홍조",한달이상사용,"진짜 물처럼 주루룩 흐르는 타입
바를때 한손으로 흐리지 않게 받치고 발라야함

엄청 촉촉하다고해서 구매해봤는데
막 엄청 좋다! 는 못느낌",아누아 피디알엔 히알루론산 캡슐 100 세럼 30mL 기획 (+30mL 리필팩),세럼,27500,"진짜 물처럼 주루룩 흐르는 타입
바를때 한손으로 흐리지 않게 받치고 발라야함

엄청 촉촉하다고해서 구매해봤는데
막 엄청 좋다! 는 못느낌",진짜 물처럼 주루룩 흐르는 타입 바를때 한손으로 흐리지 않게 받치고 발라야함 엄청 촉촉하다고해서 구매해봤는데 막 엄청 좋다! 는 못느낌,1.0,75,0.7466666666666667,0.013333333333333334,Very High,"emoji_removed,repeat_normalized,typo_corrected"
2026.01.20,5점,,,"일본에서 사서 들어왔고 너무 좋아서 매장에서도 구매했어요~ 촉촉하고 아누아 요 브랜드 아주 좋아요!
조금만 사용해도 너무 촉촉해요~
그래서 오래오래 쓰고있습니다!",아누아 피디알엔 히알루론산 캡슐 100 세럼 30mL 기획 (+30mL 리필팩),세럼,27500,"일본에서 사서 들어왔고 너무 좋아서 매장에서도 구매했어요~ 촉촉하고 아누아 요 브랜드 아주 좋아요!
조금만 사용해도 너무 촉촉해요~
그래서 오래오래 쓰고있습니다!",일본에서 사서 들어왔고 너무 좋아서 매장에서도 구매했어요 촉촉하고 아누아 요 브랜드 아주 좋아요! 조금만 사용해도 너무 촉촉해요 그래서 오래오래 쓰고있습니다!,1.0,88,0.7613636363636364,0.044444444444444446,Very High,"emoji_removed,repeat_normalized,typo_corrected"
2025.12.02,4점,,,"꾸덕한 질감의 세럼이라 생각했는데 보다 물같아서 놀랐네요. 그런데 사용하면 피부 짱짱하게 탄력있어지는 느낌이라 좋아요. 크림이랑 같이 병행해서 사용하는중.

현재까지는 따로 트러블이 생겼다거나 피부에 악영향을 느낀적은 없습니다.",아누아 피디알엔 히알루론산 캡슐 100 세럼 30mL 기획 (+30mL 리필팩),세럼,27500,"꾸덕한 질감의 세럼이라 생각했는데 보다 물같아서 놀랐네요. 그런데 사용하면 피부 짱짱하게 탄력있어지는 느낌이라 좋아요. 크림이랑 같이 병행해서 사용하는중.

현재까지는 따로 트러블이 생겼다거나 피부에 악영향을 느낀적은 없습니다.",꾸덕한 질감의 세럼이라 생각했는데 보다 물같아서 놀랐네요. 그런데 사용하면 피부 짱짱하게 탄력있어지는 느낌이라 좋아요. 크림이랑 같이 병행해서 사용하는중. 현재까지는 따로 트러블이 생겼다거나 피부에 악영향을 느낀적은 없습니다.,1.0,126,0.7698412698412699,0.031746031746031744,Very High,"emoji_removed,repeat_normalized,typo_corrected"
2026.01.22,4점,"복합성, 가을웜톤, 잡티, 주름",,광고보고 구매해봤는데 크림이랑 함께 사용시 간편하고 잘흡수되는 느낌입니다,아누아 피디알엔 히알루론산 캡슐 100 세럼 30mL 기획 (+30mL 리필팩),세럼,27500,광고보고 구매해봤는데 크림이랑 함께 사용시 간편하고 잘흡수되는 느낌입니다,광고보고 구매해봤는데 크림이랑 함께 사용시 간편하고 잘흡수되는 느낌입니다,1.0,40,0.825,0.0,Very High,"emoji_removed,repeat_normalized,typo_corrected"
2026.01.22,5점,"복합성, 겨울쿨톤, 잡티, 트러블",한달이상사용,"흡수가 잘되고 촉촉해요.
겨울철에 많이 건조할때에 사용해주면 속건조도 잡히고 피부결이 좋아져요.",아누아 피디알엔 히알루론산 캡슐 100 세럼 30mL 기획 (+30mL 리필팩),세럼,27500,"흡수가 잘되고 촉촉해요.
겨울철에 많이 건조할때에 사용해주면 속건조도 잡히고 피부결이 좋아져요.",흡수가 잘되고 촉촉해요. 겨울철에 많이 건조할때에 사용해주면 속건조도 잡히고 피부결이 좋아져요.,1.0,53,0.7735849056603774,0.03773584905660377,Very High,"emoji_removed,repeat_normalized,typo_corrected"
2026.01.22,5점,"지성, 여름쿨톤, 잡티, 미백",,촉촉촉 재구매했습니다 제 친구도 요거 쓰고있더라구요 요즘 많이쓰는것같어요,아누아 피디알엔 히알루론산 캡슐 100 세럼 30mL 기획 (+30mL 리필팩),세럼,27500,촉촉촉 재구매했습니다 제 친구도 요거 쓰고있더라구요 요즘 많이쓰는것같어요,촉촉촉 재구매했습니다 제 친구도 요거 쓰고있더라구요 요즘 많이쓰는것같어요,1.0,40,0.825,0.0,Very High,"emoji_removed,repeat_normalized,typo_corrected"
2026.01.22,5점,"지성, 여름쿨톤, 잡티, 미백",재구매,쓰고 좋아서 재구매했어요 쟁여템이 될것같네여 끈적이는것도없어요,아누아 피디알엔 히알루론산 캡슐 100 세럼 30mL 기획 (+30mL 리필팩),세럼,27500,쓰고 좋아서 재구매했어요 쟁여템이 될것같네여 끈적이는것도없어요,쓰고 좋아서 재구매했어요 쟁여템이 될것같네여 끈적이는것도없어요,1.0,34,0.8529411764705882,0.0,Very High,"emoji_removed,repeat_normalized,typo_corrected"
2026.01.20,5점,"복합성, 여름쿨톤, 미백, 각질",,제가 사용할려고 산건 아니고 엄마가 사용할려고 구매한거라 좋은지는 모르겠는데 엄마는 좋아서 잘 사용하고 계세요!,아누아 피디알엔 히알루론산 캡슐 100 세럼 30mL 기획 (+30mL 리필팩),세럼,27500,제가 사용할려고 산건 아니고 엄마가 사용할려고 구매한거라 좋은지는 모르겠는데 엄마는 좋아서 잘 사용하고 계세요!,제가 사용할려고 산건 아니고 엄마가 사용할려고 구매한거라 좋은지는 모르겠는데 엄마는 좋아서 잘 사용하고 계세요!,1.0,62,0.7741935483870968,0.016129032258064516,Very High,"emoji_removed,repeat_normalized,typo_corrected"
2026.01.17,4점,"민감성, 쿨톤, 트러블",,"- 촉촉해지는지는 잘 모르겠는데 살짝 보습막이 씌워지는것같음

- 속건조 해결은 안되었음",아누아 피디알엔 히알루론산 캡슐 100 세럼 30mL 기획 (+30mL 리필팩),세럼,27500,"- 촉촉해지는지는 잘 모르겠는데 살짝 보습막이 씌워지는것같음

- 속건조 해결은 안되었음",- 촉촉해지는지는 잘 모르겠는데 살짝 보습막이 씌워지는것같음 - 속건조 해결은 안되었음,1.0,48,0.75,0.041666666666666664,Very High,"emoji_removed,repeat_normalized,typo_corrected"
2026.01.17,2점,"건성, 쿨톤, 미백, 주름",한달이상사용,"물제형인데 바르면 피부속까지 흡수되는 느낌없이 유분만 겉도는 느낌입니다
샘플만 써보고 본품은 다른 사람 줬네요 ㅠ",아누아 피디알엔 히알루론산 캡슐 100 세럼 30mL 기획 (+30mL 리필팩),세럼,27500,"물제형인데 바르면 피부속까지 흡수되는 느낌없이 유분만 겉도는 느낌입니다
샘플만 써보고 본품은 다른 사람 줬네요 ㅠ",물제형인데 바르면 피부속까지 흡수되는 느낌없이 유분만 겉도는 느낌입니다 샘플만 써보고 본품은 다른 사람 줬네요,1.0,61,0.7868852459016393,0.015873015873015872,Very High,"emoji_removed,repeat_normalized,typo_corrected"
2026.01.15,5점,"민감성, 여름쿨톤, 주름, 각질",,사용한지 얼마 안 돼서 아직 효과는 모루겠지만 투명하고 깨끗해서 좋음,아누아 피디알엔 히알루론산 캡슐 100 세럼 30mL 기획 (+30mL 리필팩),세럼,27500,사용한지 얼마 안 돼서 아직 효과는 모루겠지만 투명하고 깨끗해서 좋음,사용한지 얼마 안 돼서 아직 효과는 모루겠지만 투명하고 깨끗해서 좋음,1.0,38,0.7631578947368421,0.0,Very High,"emoji_removed,repeat_normalized,typo_corrected"
2025.12.31,2점,,,"속건조심한 복합성인데 너무 건조해요 진자 레전드로 건조.. 바를때는 끈적거리고 오일리했는데 왜 이러나요,,?진짜 복합성이신분들 이거 안건조한가요? 속건조 잡아준다더니 전혀 아니네요 복합성붐들 댓글 좀 달아주세요,,,나만 이런거냐구..",아누아 피디알엔 히알루론산 캡슐 100 세럼 30mL 기획 (+30mL 리필팩),세럼,27500,"속건조심한 복합성인데 너무 건조해요 진자 레전드로 건조.. 바를때는 끈적거리고 오일리했는데 왜 이러나요,,?진짜 복합성이신분들 이거 안건조한가요? 속건조 잡아준다더니 전혀 아니네요 복합성붐들 댓글 좀 달아주세요,,,나만 이런거냐구..",속건조심한 복합성인데 너무 건조해요 진자 레전드로 건조. 바를때는 끈적거리고 오일리했는데 왜 이러나요진짜 복합성이신분들 이거 안건조한가요? 속건조 잡아준다더니 전혀 아니네요 복합성붐들 댓글 좀 달아주세요나만 이런거냐구.,1.0,122,0.7868852459016393,0.08461538461538462,Very High,"emoji_removed,repeat_normalized,typo_corrected"
2026.01.25,5점,"지성, 쿨톤, 트러블, 홍조",한달이상사용,화장하기 전에 바르면 확실히 화장이 잘 먹는것 같아요 데일리로 좋아요,아누아 피디알엔 히알루론산 캡슐 100 세럼 30mL 기획 (+30mL 리필팩),세럼,27500,화장하기 전에 바르면 확실히 화장이 잘 먹는것 같아요 데일리로 좋아요,화장하기 전에 바르면 확실히 화장이 잘 먹는것 같아요 데일리로 좋아요,1.0,38,0.7631578947368421,0.0,Very High,"emoji_removed,repeat_normalized,typo_corrected"
2026.01.25,5점,건성,,PDRN 치고는 처음부터 안 끈덕이고 가벼운 느낌인데 흡수 시켜주면 엄청 쫀쫀한게 조아용,아누아 피디알엔 히알루론산 캡슐 100 세럼 30mL 기획 (+30mL 리필팩),세럼,27500,PDRN 치고는 처음부터 안 끈덕이고 가벼운 느낌인데 흡수 시켜주면 엄청 쫀쫀한게 조아용,PDRN 치고는 처음부터 안 끈덕이고 가벼운 느낌인데 흡수 시켜주면 엄청 쫀쫀한게 조아용,1.0,49,0.6938775510204082,0.0,Very High,"emoji_removed,repeat_normalized,typo_corrected"
2026.01.22,4점,"건성, 여름쿨톤, 미백, 트러블",한달이상사용,효과는 모르겟고 유명템 이라 쓰는데 막 나쁘지도 않고 그랴서 잘 쓰는중,아누아 피디알엔 히알루론산 캡슐 100 세럼 30mL 기획 (+30mL 리필팩),세럼,27500,효과는 모르겟고 유명템 이라 쓰는데 막 나쁘지도 않고 그랴서 잘 쓰는중,효과는 모르겟고 유명템 이라 쓰는데 막 나쁘지도 않고 그랴서 잘 쓰는중,1.0,39,0.7435897435897436,0.0,Very High,"emoji_removed,repeat_normalized,typo_corrected"
2026.01.22,5점,"지성, 겨울쿨톤, 각질, 블랙헤드",,"속건조 해결템입니다
수부지인데 너무 잘 쓰고 있어요!!!",아누아 피디알엔 히알루론산 캡슐 100 세럼 30mL 기획 (+30mL 리필팩),세럼,27500,"속건조 해결템입니다
수부지인데 너무 잘 쓰고 있어요!!!",속건조 해결템입니다 수부지인데 너무 잘 쓰고 있어요,0.8,28,0.7857142857142857,0.0,High,"emoji_removed,repeat_normalized,typo_corrected"
2026.01.21,4점,"건성, 가을웜톤, 트러블, 민감성",한달이상사용,보습에 진짜 너무 좋은데 손이 잘 안 가서… 완전 겨울일 때 잘 쓰다가 요즘 또 안 쓰구 잇더여 제품력은 좋습니당,아누아 피디알엔 히알루론산 캡슐 100 세럼 30mL 기획 (+30mL 리필팩),세럼,27500,보습에 진짜 너무 좋은데 손이 잘 안 가서… 완전 겨울일 때 잘 쓰다가 요즘 또 안 쓰구 잇더여 제품력은 좋습니당,보습에 진짜 너무 좋은데 손이 잘 안 가서 완전 겨울일 때 잘 쓰다가 요즘 또 안 쓰구 잇더여 제품력은 좋습니당,1.0,62,0.6935483870967742,0.015873015873015872,Very High,"emoji_removed,repeat_normalized,typo_corrected"
2025.12.21,5점,"건성, 가을웜톤, 잡티, 트러블",,아누아 PDRN 세럼이 좋다고 해서 처음 구매했어요. 겨울에 건조해서 히알루론산도 들어있어서 바르면 촉촉하고 광채도 나는것같아요. 크림도 같이줘서 만족합니다. 다른제품 PDRN토너패드도 같이사용하는데 겨울철 건조할때 사용하기 좋은것같아요!!!,아누아 피디알엔 히알루론산 캡슐 100 세럼 30mL 기획 (+30mL 리필팩),세럼,27500,아누아 PDRN 세럼이 좋다고 해서 처음 구매했어요. 겨울에 건조해서 히알루론산도 들어있어서 바르면 촉촉하고 광채도 나는것같아요. 크림도 같이줘서 만족합니다. 다른제품 PDRN토너패드도 같이사용하는데 겨울철 건조할때 사용하기 좋은것같아요!!!,아누아 PDRN 세럼이 좋다고 해서 처음 구매했어요. 겨울에 건조해서 히알루론산도 들어있어서 바르면 촉촉하고 광채도 나는것같아요. 크림도 같이줘서 만족합니다. 다른제품 PDRN토너패드도 같이사용하는데 겨울철 건조할때 사용하기 좋은것같아요,1.0,132,0.7348484848484849,0.022727272727272728,Very High,"emoji_removed,repeat_normalized,typo_corrected"
2025.11.25,4점,"건성, 여름쿨톤, 미백, 탄력",,"수분세럼으론 좋지만 pdrn 100ppm 들어가있어요
0.01%임 과장광고 개쩜~ 바르는 리쥬란이니 뭐니 말도안되는 소리 그만하시구연
기능성 생각하고 사면 걍 원효대사 해골물 되는거여~
그냥 수분세럼용으로 매일 쓰는데 쫀쫜한 느낌이 있어서 건성한텐 좋아요~~ 사진은 대용량(50ml)샀다가 리필 채운거에요",아누아 피디알엔 히알루론산 캡슐 100 세럼 30mL 기획 (+30mL 리필팩),세럼,27500,"수분세럼으론 좋지만 pdrn 100ppm 들어가있어요
0.01%임 과장광고 개쩜~ 바르는 리쥬란이니 뭐니 말도안되는 소리 그만하시구연
기능성 생각하고 사면 걍 원효대사 해골물 되는거여~
그냥 수분세럼용으로 매일 쓰는데 쫀쫜한 느낌이 있어서 건성한텐 좋아요~~ 사진은 대용량(50ml)샀다가 리필 채운거에요",수분세럼으론 좋지만 pdrn 100ppm 들어가있어요 0.01임 과장광고 개쩜 바르는 리쥬란이니 뭐니 말도안되는 소리 그만하시구연 기능성 생각하고 사면 걍 원효대사 해골물 되는거여 그냥 수분세럼용으로 매일 쓰는데 쫀쫜한 느낌이 있어서 건성한텐 좋아요 사진은 대용량50ml샀다가 리필 채운거에요,1.0,163,0.6871165644171779,0.047058823529411764,Very High,"emoji_removed,repeat_normalized,typo_corrected"
2026.01.25,5점,,,"건성들에겐 화장하기전 필수템💡💡💡
매번 재구매템 1번입니다⭐️",아누아 피디알엔 히알루론산 캡슐 100 세럼 30mL 기획 (+30mL 리필팩),세럼,27500,"건성들에겐 화장하기전 필수템💡💡💡
매번 재구매템 1번입니다⭐️",건성들에겐 화장하기전 필수템 매번 재구매템 1번입니다,0.8,29,0.7931034482758621,0.06451612903225806,Very High,"emoji_removed,repeat_normalized,typo_corrected"
2026.01.25,5점,"중성, 봄웜톤, 트러블, 다크서클",,속건조를 잘 잡아주고 흡수가 빨라서 6-7통 째 사용하고 있어요!,아누아 피디알엔 히알루론산 캡슐 100 세럼 30mL 기획 (+30mL 리필팩),세럼,27500,속건조를 잘 잡아주고 흡수가 빨라서 6-7통 째 사용하고 있어요!,속건조를 잘 잡아주고 흡수가 빨라서 6-7통 째 사용하고 있어요!,1.0,36,0.6666666666666666,0.05555555555555555,Very High,"emoji_removed,repeat_normalized,typo_corrected"
2025.12.26,5점,"민감성, 쿨톤, 트러블",,좋다고 말로만 듣다가 구매해서 사용 해 봤는데 정말 좋아요 재구매 의사 있음,아누아 피디알엔 히알루론산 캡슐 100 세럼 30mL 기획 (+30mL 리필팩),세럼,27500,좋다고 말로만 듣다가 구매해서 사용 해 봤는데 정말 좋아요 재구매 의사 있음,좋다고 말로만 듣다가 구매해서 사용 해 봤는데 정말 좋아요 재구매 의사 있음,1.0,42,0.7380952380952381,0.0,Very High,"emoji_removed,repeat_normalized,typo_corrected"
2025.12.26,5점,"복합성, 잡티, 미백","한달이상사용, 재구매",수분좀 챙기려고 재구매햇어요~~~ 세수하고 바르면 촉촉해요,아누아 피디알엔 히알루론산 캡슐 100 세럼 30mL 기획 (+30mL 리필팩),세럼,27500,수분좀 챙기려고 재구매햇어요~~~ 세수하고 바르면 촉촉해요,수분좀 챙기려고 재구매햇어요 세수하고 바르면 촉촉해요,0.8,29,0.8275862068965517,0.0,High,"emoji_removed,repeat_normalized,typo_corrected"
2025.12.23,5점,"민감성, 웜톤, 트러블",한달이상사용,언니 심부름으로 구매한 제품인데 유명하다고 구매해달랫어요,아누아 피디알엔 히알루론산 캡슐 100 세럼 30mL 기획 (+30mL 리필팩),세럼,27500,언니 심부름으로 구매한 제품인데 유명하다고 구매해달랫어요,언니 심부름으로 구매한 제품인데 유명하다고 구매해달랫어요,1.0,31,0.8387096774193549,0.0,Very High,"emoji_removed,repeat_normalized,typo_corrected"
2025.12.25,5점,"복합성, 쿨톤, 잡티, 트러블",한달이상사용,하도 필자주름 광고로 떳는데 사용해보니 효과가 있는것같기도하고~ㅎㅎ,아누아 피디알엔 히알루론산 캡슐 100 세럼 30mL 기획 (+30mL 리필팩),세럼,27500,하도 필자주름 광고로 떳는데 사용해보니 효과가 있는것같기도하고~ㅎㅎ,하도 필자주름 광고로 떳는데 사용해보니 효과가 있는것같기도하고,1.0,34,0.8235294117647058,0.08108108108108109,Very High,"emoji_removed,repeat_normalized,typo_corrected"
2025.12.28,5점,"복합성, 웜톤, 주름, 민감성",한달이상사용,"아누아 PDRN 히알루론산 캡슐 100 세럼 본품 30mL와 리필 30mL를 함께 사용해본 결과, 가장 만족스러웠던 부분은 가볍지만 깊게 들어가는 수분감이에요. 제형이 워터 세럼처럼 산뜻해서 끈적임 없이 빠르게 흡수되며, 바르고 난 직후 피부가 촉촉하게 차오르는 느낌이 확실합니다. 특히 속건조가 잦았던 피부가 며칠 사용 후 당기는 느낌이 줄어들어 화장도 훨씬 덜 뜨더라고요. 다만 보습력 자체가 아주 강력한 편은 아니라 단독 사용보다는 크림과 함께 사용해야 하루 종일 촉촉함이 유지돼요. PDRN 성분 때문인지 피부결이 부드러워지고 윤기가 나는 변화는 느꼈지만, 탄력이나 주름 개선처럼 눈에 띄는 효과는 크지 않았습니다. 전반적으로 데일리 수분 세럼으로는 만족도가 높고, 산뜻한 보습감을 원하거나 속당김이 있는 분들에게 잘 맞을 제품이라고 생각해요.",아누아 피디알엔 히알루론산 캡슐 100 세럼 30mL 기획 (+30mL 리필팩),세럼,27500,"아누아 PDRN 히알루론산 캡슐 100 세럼 본품 30mL와 리필 30mL를 함께 사용해본 결과, 가장 만족스러웠던 부분은 가볍지만 깊게 들어가는 수분감이에요. 제형이 워터 세럼처럼 산뜻해서 끈적임 없이 빠르게 흡수되며, 바르고 난 직후 피부가 촉촉하게 차오르는 느낌이 확실합니다. 특히 속건조가 잦았던 피부가 며칠 사용 후 당기는 느낌이 줄어들어 화장도 훨씬 덜 뜨더라고요. 다만 보습력 자체가 아주 강력한 편은 아니라 단독 사용보다는 크림과 함께 사용해야 하루 종일 촉촉함이 유지돼요. PDRN 성분 때문인지 피부결이 부드러워지고 윤기가 나는 변화는 느꼈지만, 탄력이나 주름 개선처럼 눈에 띄는 효과는 크지 않았습니다. 전반적으로 데일리 수분 세럼으로는 만족도가 높고, 산뜻한 보습감을 원하거나 속당김이 있는 분들에게 잘 맞을 제품이라고 생각해요.","아누아 PDRN 히알루론산 캡슐 100 세럼 본품 30mL와 리필 30mL를 함께 사용해본 결과, 가장 만족스러웠던 부분은 가볍지만 깊게 들어가는 수분감이에요. 제형이 워터 세럼처럼 산뜻해서 끈적임 없이 빠르게 흡수되며, 바르고 난 직후 피부가 촉촉하게 차오르는 느낌이 확실합니다. 특히 속건조가 잦았던 피부가 며칠 사용 후 당기는 느낌이 줄어들어 화장도 훨씬 덜 뜨더라고요. 다만 보습력 자체가 아주 강력한 편은 아니라 단독 사용보다는 크림과 함께 사용해야 하루 종일 촉촉함이 유지돼요. PDRN 성분 때문인지 피부결이 부드러워지고 윤기가 나는 변화는 느꼈지만, 탄력이나 주름 개선처럼 눈에 띄는 효과는 크지 않았습니다. 전반적으로 데일리 수분 세럼으로는 만족도가 높고, 산뜻한 보습감을 원하거나 속당김이 있는 분들에게 잘 맞을 제품이라고 생각해요.",1.0,420,0.6976190476190476,0.023809523809523808,Very High,"emoji_removed,repeat_normalized,typo_corrected"
2026.01.13,5점,"복합성, 여름쿨톤, 잡티, 트러블","한달이상사용, 재구매","다른 보습템이라는 앰플/세럼 많이 사용해봤는데
저한텐 단연 아누아 피디알엔 히알루론산 세럼이 제일 보습템으로 좋은 것 같아요ㅠㅠ
금방 날아가지도 않고 보기에는 피부에 흡수가 덜 돼서 위에 번들한가? 싶을정도로 피부가 촉촉해보이는데 만지면 다 흡수되어있고 신기한 제형이고 겉도는것도 없어서 좋아요ㅎㅎ",아누아 피디알엔 히알루론산 캡슐 100 세럼 30mL 기획 (+30mL 리필팩),세럼,27500,"다른 보습템이라는 앰플/세럼 많이 사용해봤는데
저한텐 단연 아누아 피디알엔 히알루론산 세럼이 제일 보습템으로 좋은 것 같아요ㅠㅠ
금방 날아가지도 않고 보기에는 피부에 흡수가 덜 돼서 위에 번들한가? 싶을정도로 피부가 촉촉해보이는데 만지면 다 흡수되어있고 신기한 제형이고 겉도는것도 없어서 좋아요ㅎㅎ",다른 보습템이라는 앰플세럼 많이 사용해봤는데 저한텐 단연 아누아 피디알엔 히알루론산 세럼이 제일 보습템으로 좋은 것 같아요 금방 날아가지도 않고 보기에는 피부에 흡수가 덜 돼서 위에 번들한가? 싶을정도로 피부가 촉촉해보이는데 만지면 다 흡수되어있고 신기한 제형이고 겉도는것도 없어서 좋아요,1.0,161,0.7701863354037267,0.03614457831325301,Very High,"emoji_removed,repeat_normalized,typo_corrected"
2026.01.13,5점,,,뭘 발라도 피부가 항상 건조하고 땡기는 느낌을 받아서 아누아 앰플이랑 크림이랑 써봤는데 너무 좋더라고요ㅠ이거 쓰고 화장도 안 뜨고 잘먹어용,아누아 피디알엔 히알루론산 캡슐 100 세럼 30mL 기획 (+30mL 리필팩),세럼,27500,뭘 발라도 피부가 항상 건조하고 땡기는 느낌을 받아서 아누아 앰플이랑 크림이랑 써봤는데 너무 좋더라고요ㅠ이거 쓰고 화장도 안 뜨고 잘먹어용,뭘 발라도 피부가 항상 건조하고 땡기는 느낌을 받아서 아누아 앰플이랑 크림이랑 써봤는데 너무 좋더라고요이거 쓰고 화장도 안 뜨고 잘먹어용,1.0,76,0.7631578947368421,0.012987012987012988,Very High,"emoji_removed,repeat_normalized,typo_corrected"
2026.01.13,5점,,,물같은 제형이고 흡수잘되요 속건조는 악건성인 사람으로써 적당히 잡아줘요 재구매의사 있어요!!,아누아 피디알엔 히알루론산 캡슐 100 세럼 30mL 기획 (+30mL 리필팩),세럼,27500,물같은 제형이고 흡수잘되요 속건조는 악건성인 사람으로써 적당히 잡아줘요 재구매의사 있어요!!,물같은 제형이고 흡수잘되요 속건조는 악건성인 사람으로써 적당히 잡아줘요 재구매의사 있어요!,1.0,50,0.8,0.0392156862745098,Very High,"emoji_removed,repeat_normalized,typo_corrected"
2026.01.13,5점,,,"올리브영 인기있는 세럼 다 사용해보고있는데 이게 제일좋은거같아요
바르면 반짝반짝 광이나고 보습에 효과가있어요",아누아 피디알엔 히알루론산 캡슐 100 세럼 30mL 기획 (+30mL 리필팩),세럼,27500,"올리브영 인기있는 세럼 다 사용해보고있는데 이게 제일좋은거같아요
바르면 반짝반짝 광이나고 보습에 효과가있어요",올리브영 인기있는 세럼 다 사용해보고있는데 이게 제일좋은거같아요 바르면 반짝반짝 광이나고 보습에 효과가있어요,1.0,60,0.8166666666666667,0.0,Very High,"emoji_removed,repeat_normalized,typo_corrected"
2026.01.12,5점,,한달이상사용,"행사해서 너무 좋슴다
피부가 정말 두어달만에 너무 좋아짐요
친구들도 피부좋어졌더고 하고
세수할때 피부 부들부들해진게 만져지니 좋아용
물처럼 주루룩 흘러서 얼굴보단 그냥 손에 짜서 바름",아누아 피디알엔 히알루론산 캡슐 100 세럼 30mL 기획 (+30mL 리필팩),세럼,27500,"행사해서 너무 좋슴다
피부가 정말 두어달만에 너무 좋아짐요
친구들도 피부좋어졌더고 하고
세수할때 피부 부들부들해진게 만져지니 좋아용
물처럼 주루룩 흘러서 얼굴보단 그냥 손에 짜서 바름",행사해서 너무 좋슴다 피부가 정말 두어달만에 너무 좋아짐요 친구들도 피부좋어졌더고 하고 세수할때 피부 부들부들해진게 만져지니 좋아용 물처럼 주루룩 흘러서 얼굴보단 그냥 손에 짜서 바름,1.0,102,0.7745098039215687,0.0,Very High,"emoji_removed,repeat_normalized,typo_corrected"
2026.01.11,5점,,,여행가서 친구꺼로 써보고 구매했는데 화장전에 바르면 화장이 잘돼서 좋더라구요 끈적임도 없고 여러번 바르면 좋아요!,아누아 피디알엔 히알루론산 캡슐 100 세럼 30mL 기획 (+30mL 리필팩),세럼,27500,여행가서 친구꺼로 써보고 구매했는데 화장전에 바르면 화장이 잘돼서 좋더라구요 끈적임도 없고 여러번 바르면 좋아요!,여행가서 친구꺼로 써보고 구매했는데 화장전에 바르면 화장이 잘돼서 좋더라구요 끈적임도 없고 여러번 바르면 좋아요!,1.0,63,0.7777777777777778,0.015873015873015872,Very High,"emoji_removed,repeat_normalized,typo_corrected"
2026.01.10,5점,,재구매,히알루론산이 수분에 좋을 거 같아서 구매햐봤아요. 기대됩니다,아누아 피디알엔 히알루론산 캡슐 100 세럼 30mL 기획 (+30mL 리필팩),세럼,27500,히알루론산이 수분에 좋을 거 같아서 구매햐봤아요. 기대됩니다,히알루론산이 수분에 좋을 거 같아서 구매햐봤아요. 기대됩니다,1.0,33,0.7878787878787878,0.030303030303030304,Very High,"emoji_removed,repeat_normalized,typo_corrected"
2026.01.10,5점,,재구매,같운 라인 아누아 피디알엔 토너와 험께 사용해보려고 구매. 물같은 제형이애요,아누아 피디알엔 히알루론산 캡슐 100 세럼 30mL 기획 (+30mL 리필팩),세럼,27500,같운 라인 아누아 피디알엔 토너와 험께 사용해보려고 구매. 물같은 제형이애요,같운 라인 아누아 피디알엔 토너와 험께 사용해보려고 구매. 물같은 제형이애요,1.0,42,0.7619047619047619,0.023809523809523808,Very High,"emoji_removed,repeat_normalized,typo_corrected"
2026.01.10,4점,,,정말 미치도록 순한건 아닌거 같아요. 그렇기에 극 민감성이신분은 추천하지 않습니다. 보습에 좋아요. 붉어지는건 아니지만 약간의 따가움이 느껴질때가 있어요,아누아 피디알엔 히알루론산 캡슐 100 세럼 30mL 기획 (+30mL 리필팩),세럼,27500,정말 미치도록 순한건 아닌거 같아요. 그렇기에 극 민감성이신분은 추천하지 않습니다. 보습에 좋아요. 붉어지는건 아니지만 약간의 따가움이 느껴질때가 있어요,정말 미치도록 순한건 아닌거 같아요. 그렇기에 극 민감성이신분은 추천하지 않습니다. 보습에 좋아요. 붉어지는건 아니지만 약간의 따가움이 느껴질때가 있어요,1.0,85,0.7647058823529411,0.03529411764705882,Very High,"emoji_removed,repeat_normalized,typo_corrected"
2026.01.09,5점,,재구매,"항상 쓰게되는 제품이에요
수분감도 좋고 건성피부에도 잘 맞아요
바르면 피부애 광채가 나는데 사진을 못 찍어서 아쉽긴 하네요 ㅠㅠ",아누아 피디알엔 히알루론산 캡슐 100 세럼 30mL 기획 (+30mL 리필팩),세럼,27500,"항상 쓰게되는 제품이에요
수분감도 좋고 건성피부에도 잘 맞아요
바르면 피부애 광채가 나는데 사진을 못 찍어서 아쉽긴 하네요 ㅠㅠ",항상 쓰게되는 제품이에요 수분감도 좋고 건성피부에도 잘 맞아요 바르면 피부애 광채가 나는데 사진을 못 찍어서 아쉽긴 하네요,1.0,68,0.7647058823529411,0.028169014084507043,Very High,"emoji_removed,repeat_normalized,typo_corrected"
2026.01.09,5점,,한달이상사용,촉촉하고 자극없어 좋은데…얘도 너무 주르륵이라 건성은 오히려 비추ㅜ ㅜ,아누아 피디알엔 히알루론산 캡슐 100 세럼 30mL 기획 (+30mL 리필팩),세럼,27500,촉촉하고 자극없어 좋은데…얘도 너무 주르륵이라 건성은 오히려 비추ㅜ ㅜ,촉촉하고 자극없어 좋은데얘도 너무 주르륵이라 건성은 오히려 비추,1.0,35,0.8,0.07692307692307693,Very High,"emoji_removed,repeat_normalized,typo_corrected"
2025.12.31,5점,,한달이상사용,anua 100+ serum with PDRN + Hyaluron to help my skin barrier to moisturize,아누아 피디알엔 히알루론산 캡슐 100 세럼 30mL 기획 (+30mL 리필팩),세럼,27500,anua 100+ serum with PDRN + Hyaluron to help my skin barrier to moisturize,anua 100 serum with PDRN Hyaluron to help my skin barrier to moisturize,0.5,71,0.0,0.02702702702702703,Low,"emoji_removed,repeat_normalized,typo_corrected"
2025.12.26,5점,,,겨울철에 쓰기 딱 좋음 근데 지성분들을 못쓸듯 생각보다 무거워용,아누아 피디알엔 히알루론산 캡슐 100 세럼 30mL 기획 (+30mL 리필팩),세럼,27500,겨울철에 쓰기 딱 좋음 근데 지성분들을 못쓸듯 생각보다 무거워용,겨울철에 쓰기 딱 좋음 근데 지성분들을 못쓸듯 생각보다 무거워용,1.0,35,0.7714285714285715,0.0,Very High,"emoji_removed,repeat_normalized,typo_corrected"
2025.12.01,5점,,"한달이상사용, 재구매",좋아요 속수분을 채워주는 느낌이라 좋아요 가격도 이정도면 진짜 착한것,아누아 피디알엔 히알루론산 캡슐 100 세럼 30mL 기획 (+30mL 리필팩),세럼,27500,좋아요 속수분을 채워주는 느낌이라 좋아요 가격도 이정도면 진짜 착한것,좋아요 속수분을 채워주는 느낌이라 좋아요 가격도 이정도면 진짜 착한것,1.0,38,0.7894736842105263,0.0,Very High,"emoji_removed,repeat_normalized,typo_corrected"
2025.12.07,5점,,,액체 세럼은 가볍지만 피부에 바르면 수분감이 좋고 광택이 일정합니다. 수분과 회복력이 좋은 것 같아요. 민감하신 피부에서도 사용하실 수 있는 모든 피부타입에 적합합니다.,아누아 피디알엔 히알루론산 캡슐 100 세럼 30mL 기획 (+30mL 리필팩),세럼,27500,액체 세럼은 가볍지만 피부에 바르면 수분감이 좋고 광택이 일정합니다. 수분과 회복력이 좋은 것 같아요. 민감하신 피부에서도 사용하실 수 있는 모든 피부타입에 적합합니다.,액체 세럼은 가볍지만 피부에 바르면 수분감이 좋고 광택이 일정합니다. 수분과 회복력이 좋은 것 같아요. 민감하신 피부에서도 사용하실 수 있는 모든 피부타입에 적합합니다.,1.0,94,0.7446808510638298,0.031914893617021274,Very High,"emoji_removed,repeat_normalized,typo_corrected"
2025.12.01,5점,,,"광고가 너무 뜨길래 얼마나 좋을까 하고
주문했는데 너무 잘산거 같아요
너무순하고 촉촉하네요
재주문 할께요~~",아누아 피디알엔 히알루론산 캡슐 100 세럼 30mL 기획 (+30mL 리필팩),세럼,27500,"광고가 너무 뜨길래 얼마나 좋을까 하고
주문했는데 너무 잘산거 같아요
너무순하고 촉촉하네요
재주문 할께요~~",광고가 너무 뜨길래 얼마나 좋을까 하고 주문했는데 너무 잘산거 같아요 너무순하고 촉촉하네요 재주문 할께요,1.0,58,0.7758620689655172,0.03333333333333333,Very High,"emoji_removed,repeat_normalized,typo_corrected"
2025.12.01,5점,,재구매,"사용해보고 너무 조아서 딱 떨어질 타이밍에
또 한번 주문해서 사용하고 있어요
바를때는 잘몰랐는데
안바르면 칙칙해보이고 어두워 보이고
효과가 아주 좋았던 화장품이예요
그래서 재주문해서 잘쓰고있어요",아누아 피디알엔 히알루론산 캡슐 100 세럼 30mL 기획 (+30mL 리필팩),세럼,27500,"사용해보고 너무 조아서 딱 떨어질 타이밍에
또 한번 주문해서 사용하고 있어요
바를때는 잘몰랐는데
안바르면 칙칙해보이고 어두워 보이고
효과가 아주 좋았던 화장품이예요
그래서 재주문해서 잘쓰고있어요",사용해보고 너무 조아서 딱 떨어질 타이밍에 또 한번 주문해서 사용하고 있어요 바를때는 잘몰랐는데 안바르면 칙칙해보이고 어두워 보이고 효과가 아주 좋았던 화장품이예요 그래서 재주문해서 잘쓰고있어요,1.0,108,0.7870370370370371,0.0,Very High,"emoji_removed,repeat_normalized,typo_corrected"
2026.01.05,5점,,,리필 있는거 사서 원래 있던 양 다쓰고 리필 쓰는 중인데 이거 아직 안 쓰시는 분 계세요? 너무 촉촉하고 좋은데 자극도 없고 얼굴이 그냥 반지르르함. 수많은 앰플 중에 고민에 고민을 거쳐 골랐는데 지금 생각해보면 왜 고민했나 싶을 정도로 만족함🫠,아누아 피디알엔 히알루론산 캡슐 100 세럼 30mL 기획 (+30mL 리필팩),세럼,27500,리필 있는거 사서 원래 있던 양 다쓰고 리필 쓰는 중인데 이거 아직 안 쓰시는 분 계세요? 너무 촉촉하고 좋은데 자극도 없고 얼굴이 그냥 반지르르함. 수많은 앰플 중에 고민에 고민을 거쳐 골랐는데 지금 생각해보면 왜 고민했나 싶을 정도로 만족함🫠,리필 있는거 사서 원래 있던 양 다쓰고 리필 쓰는 중인데 이거 아직 안 쓰시는 분 계세요? 너무 촉촉하고 좋은데 자극도 없고 얼굴이 그냥 반지르르함. 수많은 앰플 중에 고민에 고민을 거쳐 골랐는데 지금 생각해보면 왜 고민했나 싶을 정도로 만족함,1.0,136,0.7132352941176471,0.021897810218978103,Very High,"emoji_removed,repeat_normalized,typo_corrected"
2026.01.01,5점,,,음 뭐지 사실 동생꺼라 한 번만 써보긴 했는데 이거 바르고 화장 하면 잘 먹는다 해서 썼는데 잘 모르겠어요 시간 지나면 건조해서 전 차라리 다른 제품이 더 좋더라구요 광은 좀 잘 나는거 같아요 그래도 한 번 밖에 안 써본거니깐 너무 저의 리뷰에 확신하진 마세용🫶(전 건성입니단ㄴ),아누아 피디알엔 히알루론산 캡슐 100 세럼 30mL 기획 (+30mL 리필팩),세럼,27500,음 뭐지 사실 동생꺼라 한 번만 써보긴 했는데 이거 바르고 화장 하면 잘 먹는다 해서 썼는데 잘 모르겠어요 시간 지나면 건조해서 전 차라리 다른 제품이 더 좋더라구요 광은 좀 잘 나는거 같아요 그래도 한 번 밖에 안 써본거니깐 너무 저의 리뷰에 확신하진 마세용🫶(전 건성입니단ㄴ),음 뭐지 사실 동생꺼라 한 번만 써보긴 했는데 이거 바르고 화장 하면 잘 먹는다 해서 썼는데 잘 모르겠어요 시간 지나면 건조해서 전 차라리 다른 제품이 더 좋더라구요 광은 좀 잘 나는거 같아요 그래도 한 번 밖에 안 써본거니깐 너무 저의 리뷰에 확신하진 마세용전 건성입니단,1.0,152,0.7171052631578947,0.02564102564102564,Very High,"emoji_removed,repeat_normalized,typo_corrected"
2026.01.25,5점,"중성, 봄웜톤, 트러블, 다크서클",한달이상사용,흡수 빠르고 속건조 잡기 좋아서 지금 한 다섯번째 재구매하고 있아요,아누아 피디알엔 히알루론산 캡슐 100 세럼 30mL 기획 (+30mL 리필팩),세럼,27500,흡수 빠르고 속건조 잡기 좋아서 지금 한 다섯번째 재구매하고 있아요,흡수 빠르고 속건조 잡기 좋아서 지금 한 다섯번째 재구매하고 있아요,1.0,37,0.7567567567567568,0.0,Very High,"emoji_removed,repeat_normalized,typo_corrected"
2026.01.22,5점,"약건성, 쿨톤, 잡티, 주름",,"하도 광고에 많이 나오고 홍보하는 것도 많이 봐서 궁금하기도 해서 구매해서 사용해 보았는데 너무 좋은 것 같습니다 !!
감사합니다!!",아누아 피디알엔 히알루론산 캡슐 100 세럼 30mL 기획 (+30mL 리필팩),세럼,27500,"하도 광고에 많이 나오고 홍보하는 것도 많이 봐서 궁금하기도 해서 구매해서 사용해 보았는데 너무 좋은 것 같습니다 !!
감사합니다!!",하도 광고에 많이 나오고 홍보하는 것도 많이 봐서 궁금하기도 해서 구매해서 사용해 보았는데 너무 좋은 것 같습니다 ! 감사합니다!,1.0,72,0.7222222222222222,0.05405405405405406,Very High,"emoji_removed,repeat_normalized,typo_corrected"
2026.01.22,5점,"민감성, 웜톤, 각질, 트러블",한달이상사용,"바르자 마자 춱춱 해지는 세럼이에요
완전 물 같은 제형이고 흡수도 잘됨",아누아 피디알엔 히알루론산 캡슐 100 세럼 30mL 기획 (+30mL 리필팩),세럼,27500,"바르자 마자 춱춱 해지는 세럼이에요
완전 물 같은 제형이고 흡수도 잘됨",바르자 마자 춱춱 해지는 세럼이에요 완전 물 같은 제형이고 흡수도 잘됨,1.0,39,0.7435897435897436,0.0,Very High,"emoji_removed,repeat_normalized,typo_corrected"
2026.01.21,5점,"중성, 가을웜톤, 모공, 다크서클",,현재보고 처음 쓰게됐는데 벌써 네통째 쓰고있어요 거의 매일 아침밤두번씩 얼굴에 가득발라주고있어여…. 넘 좋아여,아누아 피디알엔 히알루론산 캡슐 100 세럼 30mL 기획 (+30mL 리필팩),세럼,27500,현재보고 처음 쓰게됐는데 벌써 네통째 쓰고있어요 거의 매일 아침밤두번씩 얼굴에 가득발라주고있어여…. 넘 좋아여,현재보고 처음 쓰게됐는데 벌써 네통째 쓰고있어요 거의 매일 아침밤두번씩 얼굴에 가득발라주고있어여. 넘 좋아여,1.0,60,0.7833333333333333,0.03278688524590164,Very High,"emoji_removed,repeat_normalized,typo_corrected"
2026.01.20,4점,"민감성, 봄웜톤, 트러블, 블랙헤드",재구매,"화잘먹 세럼으로 추천하는 유튜버의 후기를 보고 샀는데, 화장 직전에 사용하기에 좋은 것 같아요~ 겨울철 건성 피부가 나이트케어로 쓰기엔 조금 아쉬웠습니다!",아누아 피디알엔 히알루론산 캡슐 100 세럼 30mL 기획 (+30mL 리필팩),세럼,27500,"화잘먹 세럼으로 추천하는 유튜버의 후기를 보고 샀는데, 화장 직전에 사용하기에 좋은 것 같아요~ 겨울철 건성 피부가 나이트케어로 쓰기엔 조금 아쉬웠습니다!","화잘먹 세럼으로 추천하는 유튜버의 후기를 보고 샀는데, 화장 직전에 사용하기에 좋은 것 같아요 겨울철 건성 피부가 나이트케어로 쓰기엔 조금 아쉬웠습니다!",1.0,85,0.7529411764705882,0.03488372093023256,Very High,"emoji_removed,repeat_normalized,typo_corrected"
2026.01.20,5점,"약건성, 웜톤",,확실히 바르면 훨씬 촉촉해요 건조한 사람들한테 추천함니당,아누아 피디알엔 히알루론산 캡슐 100 세럼 30mL 기획 (+30mL 리필팩),세럼,27500,확실히 바르면 훨씬 촉촉해요 건조한 사람들한테 추천함니당,확실히 바르면 훨씬 촉촉해요 건조한 사람들한테 추천함니당,1.0,31,0.8064516129032258,0.0,Very High,"emoji_removed,repeat_normalized,typo_corrected"
2026.01.20,5점,,한달이상사용,엄청 물같이 흐르는 제형인데 발림성도 좋고 흡수도 그럭저럭 잘됨,아누아 피디알엔 히알루론산 캡슐 100 세럼 30mL 기획 (+30mL 리필팩),세럼,27500,엄청 물같이 흐르는 제형인데 발림성도 좋고 흡수도 그럭저럭 잘됨,엄청 물같이 흐르는 제형인데 발림성도 좋고 흡수도 그럭저럭 잘됨,1.0,35,0.7714285714285715,0.0,Very High,"emoji_removed,repeat_normalized,typo_corrected"
2026.01.16,5점,"건성, 웜톤, 탄력",,피부에 바르면 바로 수분감이 채워집니다. 끈적임 없이 흡수돼서 사계절 사용하기 좋아요.,아누아 피디알엔 히알루론산 캡슐 100 세럼 30mL 기획 (+30mL 리필팩),세럼,27500,피부에 바르면 바로 수분감이 채워집니다. 끈적임 없이 흡수돼서 사계절 사용하기 좋아요.,피부에 바르면 바로 수분감이 채워집니다. 끈적임 없이 흡수돼서 사계절 사용하기 좋아요.,1.0,48,0.75,0.041666666666666664,Very High,"emoji_removed,repeat_normalized,typo_corrected"
2026.01.15,5점,"지성, 가을웜톤, 잡티, 미백",,자극이 없는 거 같고 좀더 써봐야 알겠지만 저한테는 잘맞는 거 같아서 계속 써보려고요,아누아 피디알엔 히알루론산 캡슐 100 세럼 30mL 기획 (+30mL 리필팩),세럼,27500,자극이 없는 거 같고 좀더 써봐야 알겠지만 저한테는 잘맞는 거 같아서 계속 써보려고요,자극이 없는 거 같고 좀더 써봐야 알겠지만 저한테는 잘맞는 거 같아서 계속 써보려고요,1.0,47,0.7446808510638298,0.0,Very High,"emoji_removed,repeat_normalized,typo_corrected"
2026.01.14,5점,"복합성, 웜톤, 트러블, 민감성",,"이거 세럼 촉촉하고 보습이 짱짱 한것 같아요
제 친규 너무 민감한 스타일이라 정해진것만 쓰는 친구 있는데 걔도 소개해줬는데 뒤집어짐 없이 잘쓰더라고요
추천합니더",아누아 피디알엔 히알루론산 캡슐 100 세럼 30mL 기획 (+30mL 리필팩),세럼,27500,"이거 세럼 촉촉하고 보습이 짱짱 한것 같아요
제 친규 너무 민감한 스타일이라 정해진것만 쓰는 친구 있는데 걔도 소개해줬는데 뒤집어짐 없이 잘쓰더라고요
추천합니더",이거 세럼 촉촉하고 보습이 짱짱 한것 같아요 제 친규 너무 민감한 스타일이라 정해진것만 쓰는 친구 있는데 걔도 소개해줬는데 뒤집어짐 없이 잘쓰더라고요 추천합니더,1.0,89,0.7640449438202247,0.0,Very High,"emoji_removed,repeat_normalized,typo_corrected"
2026.01.14,5점,"복합성, 웜톤, 잡티, 블랙헤드",한달이상사용,"어느 피부타입이든 무난하게 쓸 수 있는 제형이에요.
여러번 레이어드해서 바르면 속당김 없이, 수분 공급할 수 있어서 좋은것 같습니다.",아누아 피디알엔 히알루론산 캡슐 100 세럼 30mL 기획 (+30mL 리필팩),세럼,27500,"어느 피부타입이든 무난하게 쓸 수 있는 제형이에요.
여러번 레이어드해서 바르면 속당김 없이, 수분 공급할 수 있어서 좋은것 같습니다.","어느 피부타입이든 무난하게 쓸 수 있는 제형이에요. 여러번 레이어드해서 바르면 속당김 없이, 수분 공급할 수 있어서 좋은것 같습니다.",1.0,74,0.7297297297297297,0.04054054054054054,Very High,"emoji_removed,repeat_normalized,typo_corrected"
2026.01.14,5점,"건성, 쿨톤, 각질, 트러블",,처음 써보고 괜찮아서리필룡으로새로 구매햇는데 잘 쓰고잇어요,아누아 피디알엔 히알루론산 캡슐 100 세럼 30mL 기획 (+30mL 리필팩),세럼,27500,처음 써보고 괜찮아서리필룡으로새로 구매햇는데 잘 쓰고잇어요,처음 써보고 괜찮아서리필룡으로새로 구매햇는데 잘 쓰고잇어요,1.0,32,0.84375,0.0,Very High,"emoji_removed,repeat_normalized,typo_corrected"
2026.01.13,5점,"복합성, 웜톤, 주름",,세일기간에 항상 구매하는제품중 하나! 너무너무 만족합니다ㅎㅎ 추천해요!,아누아 피디알엔 히알루론산 캡슐 100 세럼 30mL 기획 (+30mL 리필팩),세럼,27500,세일기간에 항상 구매하는제품중 하나! 너무너무 만족합니다ㅎㅎ 추천해요!,세일기간에 항상 구매하는제품중 하나! 너무너무 만족합니다 추천해요!,1.0,37,0.7837837837837838,0.10256410256410256,Very High,"emoji_removed,repeat_normalized,typo_corrected"
2026.01.13,5점,"건성, 쿨톤, 미백, 주름",,세일기간에 너무 잘 구매햇어요! 만족합니다ㅎㅎ 좋아요ㅎㅎ 추천합니다,아누아 피디알엔 히알루론산 캡슐 100 세럼 30mL 기획 (+30mL 리필팩),세럼,27500,세일기간에 너무 잘 구매햇어요! 만족합니다ㅎㅎ 좋아요ㅎㅎ 추천합니다,세일기간에 너무 잘 구매햇어요! 만족합니다 좋아요 추천합니다,1.0,33,0.7878787878787878,0.13513513513513514,Very High,"emoji_removed,repeat_normalized,typo_corrected"
2026.01.13,5점,"복합성, 봄웜톤, 잡티, 주름","한달이상사용, 재구매","예민한 피부에 촉촉하게 잘스며들어요
트러블 없이 잘 쓰고있어요
이제 이거 없으면 안돼요",아누아 피디알엔 히알루론산 캡슐 100 세럼 30mL 기획 (+30mL 리필팩),세럼,27500,"예민한 피부에 촉촉하게 잘스며들어요
트러블 없이 잘 쓰고있어요
이제 이거 없으면 안돼요",예민한 피부에 촉촉하게 잘스며들어요 트러블 없이 잘 쓰고있어요 이제 이거 없으면 안돼요,1.0,48,0.7708333333333334,0.0,Very High,"emoji_removed,repeat_normalized,typo_corrected"
2026.01.13,5점,"지성, 봄웜톤, 잡티, 트러블",한달이상사용,일단 피부가 매끈매끈하고 광이 나는 데 도움을 주는 것 같아여 근데 극건성분들한테는 좀 건조할 것 같슴다,아누아 피디알엔 히알루론산 캡슐 100 세럼 30mL 기획 (+30mL 리필팩),세럼,27500,일단 피부가 매끈매끈하고 광이 나는 데 도움을 주는 것 같아여 근데 극건성분들한테는 좀 건조할 것 같슴다,일단 피부가 매끈매끈하고 광이 나는 데 도움을 주는 것 같아여 근데 극건성분들한테는 좀 건조할 것 같슴다,1.0,58,0.7413793103448276,0.0,Very High,"emoji_removed,repeat_normalized,typo_corrected"
2026.01.11,5점,"복합성, 봄웜톤, 각질, 민감성",,주르륵 흐르는 제형 빠르고 가볍게 흡수되서 화장전에 쓰기 괜찮을것같네요,아누아 피디알엔 히알루론산 캡슐 100 세럼 30mL 기획 (+30mL 리필팩),세럼,27500,주르륵 흐르는 제형 빠르고 가볍게 흡수되서 화장전에 쓰기 괜찮을것같네요,주르륵 흐르는 제형 빠르고 가볍게 흡수되서 화장전에 쓰기 괜찮을것같네요,1.0,39,0.7948717948717948,0.0,Very High,"emoji_removed,repeat_normalized,typo_corrected"
2026.01.11,5점,"지성, 가을웜톤, 미백, 블랙헤드",,아누아의 역작 아누아의 효자템 쏟아지는 PDRN 제품 중 무난하게 가장 베스트입니다 피부타입 상관 없이 추천,아누아 피디알엔 히알루론산 캡슐 100 세럼 30mL 기획 (+30mL 리필팩),세럼,27500,아누아의 역작 아누아의 효자템 쏟아지는 PDRN 제품 중 무난하게 가장 베스트입니다 피부타입 상관 없이 추천,아누아의 역작 아누아의 효자템 쏟아지는 PDRN 제품 중 무난하게 가장 베스트입니다 피부타입 상관 없이 추천,1.0,60,0.7,0.0,Very High,"emoji_removed,repeat_normalized,typo_corrected"
2026.01.04,5점,,한달이상사용,세트 구성품 저렴하게 구매합니다. 세럼 맘에 들어 재구매하면서 크림은 어떨지 궁금해서 이 구성으로 구매해봤어요. 세럼 크림 둘 다 촉촉해요. 꾸준히 바르면 괜찮을 같아요.,아누아 피디알엔 히알루론산 캡슐 100 세럼 30mL 기획 (+30mL 리필팩),세럼,27500,세트 구성품 저렴하게 구매합니다. 세럼 맘에 들어 재구매하면서 크림은 어떨지 궁금해서 이 구성으로 구매해봤어요. 세럼 크림 둘 다 촉촉해요. 꾸준히 바르면 괜찮을 같아요.,세트 구성품 저렴하게 구매합니다. 세럼 맘에 들어 재구매하면서 크림은 어떨지 궁금해서 이 구성으로 구매해봤어요. 세럼 크림 둘 다 촉촉해요. 꾸준히 바르면 괜찮을 같아요.,1.0,95,0.7263157894736842,0.042105263157894736,Very High,"emoji_removed,repeat_normalized,typo_corrected"
2026.01.04,5점,,,"악건성인데 바르면 광이나서 좋아요
주름에도 약간위 효과가있는듯해요",아누아 피디알엔 히알루론산 캡슐 100 세럼 30mL 기획 (+30mL 리필팩),세럼,27500,"악건성인데 바르면 광이나서 좋아요
주름에도 약간위 효과가있는듯해요",악건성인데 바르면 광이나서 좋아요 주름에도 약간위 효과가있는듯해요,1.0,36,0.8333333333333334,0.0,Very High,"emoji_removed,repeat_normalized,typo_corrected"
2026.01.03,5점,,한달이상사용,샵에서 추천 기초템으로 되게 많이 보여서 사봤어요! 속건조 잡아주기 좋은 세럼인 것 같아요!! 잘쓸게요~,아누아 피디알엔 히알루론산 캡슐 100 세럼 30mL 기획 (+30mL 리필팩),세럼,27500,샵에서 추천 기초템으로 되게 많이 보여서 사봤어요! 속건조 잡아주기 좋은 세럼인 것 같아요!! 잘쓸게요~,샵에서 추천 기초템으로 되게 많이 보여서 사봤어요! 속건조 잡아주기 좋은 세럼인 것 같아요! 잘쓸게요,1.0,56,0.7321428571428571,0.06896551724137931,Very High,"emoji_removed,repeat_normalized,typo_corrected"
2026.01.03,5점,,한달이상사용,여행갈 때 쓰려고 기획 크림 30ml 구성 세트로 구입했는데 아누아 피디알엔 히알루론산 캡슐 100 세럼 본품만큼이나 저에게 잘 맞아서 따로 크림만 구입하고 싶어요. 건조한 부위에 아주 잘 흡수되고 끈적이지도 않더라구요.,아누아 피디알엔 히알루론산 캡슐 100 세럼 30mL 기획 (+30mL 리필팩),세럼,27500,여행갈 때 쓰려고 기획 크림 30ml 구성 세트로 구입했는데 아누아 피디알엔 히알루론산 캡슐 100 세럼 본품만큼이나 저에게 잘 맞아서 따로 크림만 구입하고 싶어요. 건조한 부위에 아주 잘 흡수되고 끈적이지도 않더라구요.,여행갈 때 쓰려고 기획 크림 30ml 구성 세트로 구입했는데 아누아 피디알엔 히알루론산 캡슐 100 세럼 본품만큼이나 저에게 잘 맞아서 따로 크림만 구입하고 싶어요. 건조한 부위에 아주 잘 흡수되고 끈적이지도 않더라구요.,1.0,123,0.6910569105691057,0.016260162601626018,Very High,"emoji_removed,repeat_normalized,typo_corrected"
2026.01.02,5점,,"한달이상사용, 재구매","물제형인데 바르면 촉촉하게 도포됩니다
리필팩 증정기획도 맘에드네요",아누아 피디알엔 히알루론산 캡슐 100 세럼 30mL 기획 (+30mL 리필팩),세럼,27500,"물제형인데 바르면 촉촉하게 도포됩니다
리필팩 증정기획도 맘에드네요",물제형인데 바르면 촉촉하게 도포됩니다 리필팩 증정기획도 맘에드네요,1.0,36,0.8333333333333334,0.0,Very High,"emoji_removed,repeat_normalized,typo_corrected"
2026.01.02,5점,,,"팔자주름이 개선되길 바래보며 사용중이에요! 현재까진
만족하며 사용중입니다. 성능은 좀 더 지켜봐야 할거 같아요.",아누아 피디알엔 히알루론산 캡슐 100 세럼 30mL 기획 (+30mL 리필팩),세럼,27500,"팔자주름이 개선되길 바래보며 사용중이에요! 현재까진
만족하며 사용중입니다. 성능은 좀 더 지켜봐야 할거 같아요.",팔자주름이 개선되길 바래보며 사용중이에요! 현재까진 만족하며 사용중입니다. 성능은 좀 더 지켜봐야 할거 같아요.,1.0,62,0.7580645161290323,0.04838709677419355,Very High,"emoji_removed,repeat_normalized,typo_corrected"
2026.01.02,5점,,"한달이상사용, 재구매",보통 한통 다 사용하고 리필도 항상 잘 사용하고 있어요 매일 바르다보니 금방 쓰네요 ㅎㅎ,아누아 피디알엔 히알루론산 캡슐 100 세럼 30mL 기획 (+30mL 리필팩),세럼,27500,보통 한통 다 사용하고 리필도 항상 잘 사용하고 있어요 매일 바르다보니 금방 쓰네요 ㅎㅎ,보통 한통 다 사용하고 리필도 항상 잘 사용하고 있어요 매일 바르다보니 금방 쓰네요,1.0,46,0.7391304347826086,0.04081632653061224,Very High,"emoji_removed,repeat_normalized,typo_corrected"
2026.01.02,5점,,한달이상사용,아누아 요 상품은 저한테 필수템입니다 세수하고 항상 꾸준히 바르고있어요,아누아 피디알엔 히알루론산 캡슐 100 세럼 30mL 기획 (+30mL 리필팩),세럼,27500,아누아 요 상품은 저한테 필수템입니다 세수하고 항상 꾸준히 바르고있어요,아누아 요 상품은 저한테 필수템입니다 세수하고 항상 꾸준히 바르고있어요,1.0,39,0.7948717948717948,0.0,Very High,"emoji_removed,repeat_normalized,typo_corrected"
2026.01.01,5점,,,구성이 좋고 히알루론산이 함유되어 있어 수분이 부족한 피부에 부드럽고 촉촉하게 사용되어 좋고 데일리 세럼으로 부담없이 좋아요,아누아 피디알엔 히알루론산 캡슐 100 세럼 30mL 기획 (+30mL 리필팩),세럼,27500,구성이 좋고 히알루론산이 함유되어 있어 수분이 부족한 피부에 부드럽고 촉촉하게 사용되어 좋고 데일리 세럼으로 부담없이 좋아요,구성이 좋고 히알루론산이 함유되어 있어 수분이 부족한 피부에 부드럽고 촉촉하게 사용되어 좋고 데일리 세럼으로 부담없이 좋아요,1.0,69,0.782608695652174,0.0,Very High,"emoji_removed,repeat_normalized,typo_corrected"
2026.01.01,5점,,한달이상사용,다른제품 쓰다 자꾸 뜨길래 써봤는대 예전꺼에 비해 더 쫀득한 느낌이 들더라고요 만족하며 쓰고있어요,아누아 피디알엔 히알루론산 캡슐 100 세럼 30mL 기획 (+30mL 리필팩),세럼,27500,다른제품 쓰다 자꾸 뜨길래 써봤는대 예전꺼에 비해 더 쫀득한 느낌이 들더라고요 만족하며 쓰고있어요,다른제품 쓰다 자꾸 뜨길래 써봤는대 예전꺼에 비해 더 쫀득한 느낌이 들더라고요 만족하며 쓰고있어요,1.0,54,0.7777777777777778,0.0,Very High,"emoji_removed,repeat_normalized,typo_corrected"
2026.01.01,5점,,,얼굴에 광채가 나면서 사람들이 선글라스를 쓰고 얼굴에 빛이 난다고,아누아 피디알엔 히알루론산 캡슐 100 세럼 30mL 기획 (+30mL 리필팩),세럼,27500,얼굴에 광채가 나면서 사람들이 선글라스를 쓰고 얼굴에 빛이 난다고,얼굴에 광채가 나면서 사람들이 선글라스를 쓰고 얼굴에 빛이 난다고,1.0,36,0.7777777777777778,0.0,Very High,"emoji_removed,repeat_normalized,typo_corrected"
2026.01.02,5점,"복합성, 웜톤, 잡티, 트러블","한달이상사용, 재구매","수부지+속건조에는 이만한게 없습니다,, 은은한 광은 덤,, 끈적거리지않는 광이라 더좋아여 !",아누아 피디알엔 히알루론산 캡슐 100 세럼 30mL 기획 (+30mL 리필팩),세럼,27500,"수부지+속건조에는 이만한게 없습니다,, 은은한 광은 덤,, 끈적거리지않는 광이라 더좋아여 !","수부지속건조에는 이만한게 없습니다,, 은은한 광은 덤,, 끈적거리지않는 광이라 더좋아여 !",1.0,50,0.72,0.11764705882352941,Very High,"emoji_removed,repeat_normalized,typo_corrected"
2026.01.02,5점,"복합성, 봄웜톤, 잡티, 각질",한달이상사용,"굉장히 물 가튼 제형임
바로 스르륵 흘러내려여
Pdrn 효과 자체가 피부 엄청 깊숙히 드가는거 아니면 효과 거의 못본다고 하내요,,
그냥 수분세럼이라 생각하고 쓰면 갠찬아요
촉촉하고 화장 잘먹는듯",아누아 피디알엔 히알루론산 캡슐 100 세럼 30mL 기획 (+30mL 리필팩),세럼,27500,"굉장히 물 가튼 제형임
바로 스르륵 흘러내려여
Pdrn 효과 자체가 피부 엄청 깊숙히 드가는거 아니면 효과 거의 못본다고 하내요,,
그냥 수분세럼이라 생각하고 쓰면 갠찬아요
촉촉하고 화장 잘먹는듯","굉장히 물 가튼 제형임 바로 스르륵 흘러내려여 Pdrn 효과 자체가 피부 엄청 깊숙히 드가는거 아니면 효과 거의 못본다고 하내요,, 그냥 수분세럼이라 생각하고 쓰면 갠찬아요 촉촉하고 화장 잘먹는듯",1.0,109,0.7064220183486238,0.01834862385321101,Very High,"emoji_removed,repeat_normalized,typo_corrected"
2026.01.01,3점,"복합성, 여름쿨톤, 각질, 블랙헤드",한달이상사용,생각보다 수분감이 아쉬워요..여러번 레이어드해서 바르긴 너무 좋아요,아누아 피디알엔 히알루론산 캡슐 100 세럼 30mL 기획 (+30mL 리필팩),세럼,27500,생각보다 수분감이 아쉬워요..여러번 레이어드해서 바르긴 너무 좋아요,생각보다 수분감이 아쉬워요.여러번 레이어드해서 바르긴 너무 좋아요,1.0,36,0.8055555555555556,0.05405405405405406,Very High,"emoji_removed,repeat_normalized,typo_corrected"
2025.12.31,5점,"복합성, 쿨톤, 잡티, 미백",,진짜 며칠만에 푸석푸석햇던 피부 바로 촉촉해지고 피부결 정리 완전 매끈매끈하다 매끈매끈한..,아누아 피디알엔 히알루론산 캡슐 100 세럼 30mL 기획 (+30mL 리필팩),세럼,27500,진짜 며칠만에 푸석푸석햇던 피부 바로 촉촉해지고 피부결 정리 완전 매끈매끈하다 매끈매끈한..,진짜 며칠만에 푸석푸석햇던 피부 바로 촉촉해지고 피부결 정리 완전 매끈매끈하다 매끈매끈한.,1.0,50,0.78,0.0392156862745098,Very High,"emoji_removed,repeat_normalized,typo_corrected"
2025.12.31,5점,"복합성, 봄웜톤",,바르면 쫀쫀해지는 제형이에요! 수분감이 잘 느껴지고 화잘먹세럼인것같아용,아누아 피디알엔 히알루론산 캡슐 100 세럼 30mL 기획 (+30mL 리필팩),세럼,27500,바르면 쫀쫀해지는 제형이에요! 수분감이 잘 느껴지고 화잘먹세럼인것같아용,바르면 쫀쫀해지는 제형이에요! 수분감이 잘 느껴지고 화잘먹세럼인것같아용,1.0,39,0.8205128205128205,0.02564102564102564,Very High,"emoji_removed,repeat_normalized,typo_corrected"
2025.12.14,5점,,"한달이상사용, 재구매",아누아 토너랑 같이 사용하는데 세럼이 확실히 건조잡아주고 좋아요,아누아 피디알엔 히알루론산 캡슐 100 세럼 30mL 기획 (+30mL 리필팩),세럼,27500,아누아 토너랑 같이 사용하는데 세럼이 확실히 건조잡아주고 좋아요,아누아 토너랑 같이 사용하는데 세럼이 확실히 건조잡아주고 좋아요,1.0,35,0.8,0.0,Very High,"emoji_removed,repeat_normalized,typo_corrected"
2025.12.14,4점,,한달이상사용,속건조 심한데 이거쓰면 정말 촉촉하게 속건조 잡아주는게 느껴질정도로 좋아요,아누아 피디알엔 히알루론산 캡슐 100 세럼 30mL 기획 (+30mL 리필팩),세럼,27500,속건조 심한데 이거쓰면 정말 촉촉하게 속건조 잡아주는게 느껴질정도로 좋아요,속건조 심한데 이거쓰면 정말 촉촉하게 속건조 잡아주는게 느껴질정도로 좋아요,1.0,41,0.8048780487804879,0.0,Very High,"emoji_removed,repeat_normalized,typo_corrected"
