리뷰ID,제품군,제품명,날짜,가격,스킨타입,태그,대분류,소분류,정보밀도(대분류수),별점,긍부정,감성점수,매칭키워드,추출문장,clean_text,리뷰_평균점수,전체_매칭키워드
TR_251210_001,토너,라이스 70 글로우 밀키 토너 250ml,2025.12.10,-,,,수분/유분 밸런스,보습/속건조,2,5점,보통,0,건조,얼굴이 너무 건조해서,얼굴이 너무 건조해서 화장을 해도 화장이 금방 떠서 스트레스 받더라구요.그래서 계속 찾아보다가 이 제품을 찾게되어 써봤는데 보습도 너무 좋고 최고입니당,0.7,"건조, 보습, 화장"
TR_251210_001,토너,라이스 70 글로우 밀키 토너 250ml,2025.12.10,-,,,구매 가치/편의,상황/편의,2,5점,보통,0,화장,화장을 해도 화장이 금방 떠서,얼굴이 너무 건조해서 화장을 해도 화장이 금방 떠서 스트레스 받더라구요.그래서 계속 찾아보다가 이 제품을 찾게되어 써봤는데 보습도 너무 좋고 최고입니당,0.7,"건조, 보습, 화장"
TR_251210_001,토너,라이스 70 글로우 밀키 토너 250ml,2025.12.10,-,,,수분/유분 밸런스,보습/속건조,2,5점,긍정,2,보습,보습도 너무 좋고,얼굴이 너무 건조해서 화장을 해도 화장이 금방 떠서 스트레스 받더라구요.그래서 계속 찾아보다가 이 제품을 찾게되어 써봤는데 보습도 너무 좋고 최고입니당,0.7,"건조, 보습, 화장"
TR_251216_001,토너,라이스 70 글로우 밀키 토너 250ml,2025.12.16,-,"건성, 웜톤, 잡티, 주름",,수분/유분 밸런스,보습/속건조,1,5점,보통,0,건조,건성이라 뭘발라도 건조한데,건성이라 뭘발라도 건조한데 이거쓰고나서 진짜 보습이 탄탄해진 느낌이에요!,1.0,"건조, 보습"
TR_251216_001,토너,라이스 70 글로우 밀키 토너 250ml,2025.12.16,-,"건성, 웜톤, 잡티, 주름",,수분/유분 밸런스,보습/속건조,1,5점,긍정,2,보습,진짜 보습이 탄탄해진 느낌이에요,건성이라 뭘발라도 건조한데 이거쓰고나서 진짜 보습이 탄탄해진 느낌이에요!,1.0,"건조, 보습"
TP_250802_001,토너,복숭아 나이아신아마이드 에센스 토너 250mL,2025.08.02,-,,,수분/유분 밸런스,유분/피지,2,5점,보통,0,"유분, 유분기",수분만 채워주는게 아니라 뭔가 유분기도 있는느낌 나쁜의미가 아니라 피부가 되게 맨들해져서,수분만 채워주는게 아니라 뭔가 유분기도 있는느낌 나쁜의미가 아니라 피부가 되게 맨들해져서 오히려 조아용 미백은 잘모르겠음 걍 쓸만해요,0.0,"미백, 유분, 유분기"
TP_250802_001,토너,복숭아 나이아신아마이드 에센스 토너 250mL,2025.08.02,-,,,피부 고민 해결,미백/광채,2,5점,보통,0,미백,오히려 조아용 미백은 잘모르겠음 걍 쓸만해요,수분만 채워주는게 아니라 뭔가 유분기도 있는느낌 나쁜의미가 아니라 피부가 되게 맨들해져서 오히려 조아용 미백은 잘모르겠음 걍 쓸만해요,0.0,"미백, 유분, 유분기"
TP_250816_001,토너,복숭아 나이아신아마이드 에센스 토너 250mL,2025.08.16,-,,,피부 자극,"순함/저자극, 자극/부작용",1,5점,긍정,2,"순하게, 자극",자극이 없고 순하게 좋네요,자극이 없고 순하게 좋네요. 더 꾸준하게 사용해봐야 알겠지만 지금까지는 좋아요.,2.0,"순하게, 자극"
TP_250824_001,토너,복숭아 나이아신아마이드 에센스 토너 250mL,2025.08.24,-,"건성, 여름쿨톤, 홍조",,제형/사용감,"끈적임/밀림, 흡수/발림성",2,5점,긍정,3,"끈적, 점성",제가 딱 좋아하는 끈적거리지 않지만 물 x 점성있는 토너,제가 딱 좋아하는 끈적거리지 않지만 물 x 점성있는 토너! 달달한 복숭아향이 좋아서 바를때마다 힐링되는 것 같아요. 앰플도 괜찮게 썼는데 한통 다 비우고 또 구매할 지 고민해보겠습니다,2.0,"끈적, 점성, 향"
TP_250824_001,토너,복숭아 나이아신아마이드 에센스 토너 250mL,2025.08.24,-,"건성, 여름쿨톤, 홍조",,구매 가치/편의,상황/편의,2,5점,긍정,1,향,달달한 복숭아향이 좋아서 바를때마다 힐링되는 것 같아요,제가 딱 좋아하는 끈적거리지 않지만 물 x 점성있는 토너! 달달한 복숭아향이 좋아서 바를때마다 힐링되는 것 같아요. 앰플도 괜찮게 썼는데 한통 다 비우고 또 구매할 지 고민해보겠습니다,2.0,"끈적, 점성, 향"
TP_250826_001,토너,복숭아 나이아신아마이드 에센스 토너 250mL,2025.08.26,-,,,제형/사용감,흡수/발림성,3,5점,보통,0,점성,점성있는 토너라 물토너보다 묵직해서,일단 순하고 바르면 피부 보들보들 해져서 좋음 피부결도 좋아지는 거 같고 양도 많아서 많이써도 안줄어들음 색도이쁘고 바르기 편하고 점성있는 토너라 물토너보다 묵직해서 좋음 흡수력 보습 다 적당하고 재구매의사 잇어요,1.3,"보습, 재구매, 점성, 흡수"
TP_250826_001,토너,복숭아 나이아신아마이드 에센스 토너 250mL,2025.08.26,-,,,"수분/유분 밸런스, 제형/사용감","보습/속건조, 흡수/발림성",3,5점,긍정,1,"보습, 흡수",좋음 흡수력 보습 다 적당하고,일단 순하고 바르면 피부 보들보들 해져서 좋음 피부결도 좋아지는 거 같고 양도 많아서 많이써도 안줄어들음 색도이쁘고 바르기 편하고 점성있는 토너라 물토너보다 묵직해서 좋음 흡수력 보습 다 적당하고 재구매의사 잇어요,1.3,"보습, 재구매, 점성, 흡수"
TP_250826_001,토너,복숭아 나이아신아마이드 에센스 토너 250mL,2025.08.26,-,,,구매 가치/편의,추천/재구매,3,5점,긍정,3,재구매,재구매의사 잇어요,일단 순하고 바르면 피부 보들보들 해져서 좋음 피부결도 좋아지는 거 같고 양도 많아서 많이써도 안줄어들음 색도이쁘고 바르기 편하고 점성있는 토너라 물토너보다 묵직해서 좋음 흡수력 보습 다 적당하고 재구매의사 잇어요,1.3,"보습, 재구매, 점성, 흡수"
TP_250830_001,토너,복숭아 나이아신아마이드 에센스 토너 250mL,2025.08.30,-,,,"수분/유분 밸런스, 제형/사용감","끈적임/밀림, 유분/피지, 흡수/발림성",3,4점,부정,-1,"유분, 유분감, 점성",생각보다 점성유분있어요 꽤 유분감 있는편이라 물토너를 기대했다면 별로이고,생각보다 점성유분있어요 꽤 유분감 있는편이라 물토너를 기대했다면 별로이고 미스트 통에 넣어서 사용할려고 했는데 점성이 있으니까 안개분사가 찍찍이로 변함 향은 무난한 복숭아 향이고 스킨팩하긴 괜찮았어요 그냥 진짜 보습용으로 써요,0.3,"보습, 분사, 유분, 유분감, 점성, 향"
TP_250830_001,토너,복숭아 나이아신아마이드 에센스 토너 250mL,2025.08.30,-,,,"구매 가치/편의, 제형/사용감","상황/편의, 흡수/발림성",3,4점,보통,0,"분사, 점성, 향",점성이 있으니까 안개분사가 찍찍이로 변함 향은 무난한 복숭아 향이고,생각보다 점성유분있어요 꽤 유분감 있는편이라 물토너를 기대했다면 별로이고 미스트 통에 넣어서 사용할려고 했는데 점성이 있으니까 안개분사가 찍찍이로 변함 향은 무난한 복숭아 향이고 스킨팩하긴 괜찮았어요 그냥 진짜 보습용으로 써요,0.3,"보습, 분사, 유분, 유분감, 점성, 향"
TP_250830_001,토너,복숭아 나이아신아마이드 에센스 토너 250mL,2025.08.30,-,,,수분/유분 밸런스,보습/속건조,3,4점,긍정,2,보습,스킨팩하긴 괜찮았어요 그냥 진짜 보습용으로 써요,생각보다 점성유분있어요 꽤 유분감 있는편이라 물토너를 기대했다면 별로이고 미스트 통에 넣어서 사용할려고 했는데 점성이 있으니까 안개분사가 찍찍이로 변함 향은 무난한 복숭아 향이고 스킨팩하긴 괜찮았어요 그냥 진짜 보습용으로 써요,0.3,"보습, 분사, 유분, 유분감, 점성, 향"
TP_250831_002,토너,복숭아 나이아신아마이드 에센스 토너 250mL,2025.08.31,-,"복합성, 봄웜톤, 잡티, 각질",,"구매 가치/편의, 피부 자극","상황/편의, 순함/저자극",2,5점,보통,0,"냄새, 민감",복숭아 냄새 너무 좋구 민감성인 분들이 사용하기시 딱 조아요,복숭아 냄새 너무 좋구 민감성인 분들이 사용하기시 딱 조아요,0.0,"냄새, 민감"
TP_250831_003,토너,복숭아 나이아신아마이드 에센스 토너 250mL,2025.08.31,-,,,"구매 가치/편의, 피부 자극","상황/편의, 자극/부작용",2,5점,긍정,3,"자극, 향",향이 자극하지않고요,향이 자극하지않고요. 마음에 들어요. 토너가 떨어질라고 해서 사보게 되었습니다. 느낌이 괜찮은것 같아요.,3.0,"자극, 향"
TP_250831_004,토너,복숭아 나이아신아마이드 에센스 토너 250mL,2025.08.31,-,,,제형/사용감,끈적임/밀림,1,5점,긍정,1,끈적,영양감 느껴쟈서 좋음 다른 리뷰에서 끈적,영양감 느껴쟈서 좋음 다른 리뷰에서 끈적?하다고 하길래 걱정했느데 걍 적당함,1.0,끈적
TP_250902_001,토너,복숭아 나이아신아마이드 에센스 토너 250mL,2025.09.02,-,,,"수분/유분 밸런스, 제형/사용감","보습/속건조, 흡수/발림성",2,5점,긍정,1,"점성, 촉촉",촉촉해요 점성이 좀 있어서 물처럼 주루룩 흐르는 건 아니네요,촉촉해요 점성이 좀 있어서 물처럼 주루룩 흐르는 건 아니네요,1.0,"점성, 촉촉"
TP_250903_001,토너,복숭아 나이아신아마이드 에센스 토너 250mL,2025.09.03,-,"지성, 겨울쿨톤, 잡티, 모공",,"수분/유분 밸런스, 피부 자극","보습/속건조, 순함/저자극, 자극/부작용",2,4점,긍정,3,"보습, 자극, 자극없",자극없이 좋아요 무난하게 아침에 사용하기좋을거같아요 겨울에쓰기에는 보습감부족할것같습니다,양도 많고 자극없이 좋아요 무난하게 아침에 사용하기좋을거같아요 겨울에쓰기에는 보습감부족할것같습니다,3.0,"보습, 자극, 자극없"
TP_250905_001,토너,복숭아 나이아신아마이드 에센스 토너 250mL,2025.09.05,-,"건성, 쿨톤, 미백, 각질",,구매 가치/편의,"가성비/가격, 추천/재구매",1,5점,긍정,4,"재구매, 저렴",너무 맘에 드는 제품이구요 여러번 재구매했어요 저렴하고,너무 맘에 드는 제품이구요 여러번 재구매했어요 저렴하고 효과 좋아서 추천해요,2.5,"재구매, 저렴, 추천"
TP_250905_001,토너,복숭아 나이아신아마이드 에센스 토너 250mL,2025.09.05,-,"건성, 쿨톤, 미백, 각질",,구매 가치/편의,추천/재구매,1,5점,긍정,1,추천,추천해요,너무 맘에 드는 제품이구요 여러번 재구매했어요 저렴하고 효과 좋아서 추천해요,2.5,"재구매, 저렴, 추천"
TP_250905_002,토너,복숭아 나이아신아마이드 에센스 토너 250mL,2025.09.05,-,,,구매 가치/편의,추천/재구매,1,5점,긍정,4,재구매,이것을 좋아해요 좋아해요 재구매 마음에들어,"품이 마음에 들었어요, 다시 살 수 할게요. 이것을 좋아해요 좋아해요 재구매 마음에들어",4.0,재구매
TP_250914_001,토너,복숭아 나이아신아마이드 에센스 토너 250mL,2025.09.14,-,,,구매 가치/편의,상황/편의,2,5점,긍정,1,팩토,팩토해도 좋고,양이 많아서 팩토해도 좋고 그냥 발라도 너무 좋아요 약간 밝아지는 느낌이 들어요,1.5,"밝아, 팩토"
TP_250914_001,토너,복숭아 나이아신아마이드 에센스 토너 250mL,2025.09.14,-,,,피부 고민 해결,미백/광채,2,5점,긍정,2,밝아,그냥 발라도 너무 좋아요 약간 밝아지는 느낌이 들어요,양이 많아서 팩토해도 좋고 그냥 발라도 너무 좋아요 약간 밝아지는 느낌이 들어요,1.5,"밝아, 팩토"
TP_250915_001,토너,복숭아 나이아신아마이드 에센스 토너 250mL,2025.09.15,-,,,"구매 가치/편의, 피부 자극","순함/저자극, 자극/부작용, 추천/재구매",2,5점,긍정,2,"만족, 순한, 자극, 자극없",자극없이 순한거같아서 만족합니다,자극없이 순한거같아서 만족합니다. 향은 그냥 그래요,1.0,"만족, 순한, 자극, 자극없, 향"
TP_250915_001,토너,복숭아 나이아신아마이드 에센스 토너 250mL,2025.09.15,-,,,구매 가치/편의,상황/편의,2,5점,보통,0,향,향은 그냥 그래요,자극없이 순한거같아서 만족합니다. 향은 그냥 그래요,1.0,"만족, 순한, 자극, 자극없, 향"
TP_250916_001,토너,복숭아 나이아신아마이드 에센스 토너 250mL,2025.09.16,-,,,구매 가치/편의,상황/편의,1,5점,긍정,1,화장,화장하기 전에 요걸로 스킨케어하면 화장이 잘먹어요,2통째입니다! 화장하기 전에 요걸로 스킨케어하면 화장이 잘먹어요,1.0,화장
TP_250920_001,토너,복숭아 나이아신아마이드 에센스 토너 250mL,2025.09.20,-,"건성, 웜톤",한달이상사용,구매 가치/편의,상황/편의,2,5점,보통,0,냄새,냄새도 좋고,냄새도 좋고 제형도 가벼워서 닦토 팩토 모두 하기 좋아요 복숭아향이 진짜좋네요,0.7,"냄새, 닦토, 제형, 팩토, 향"
TP_250920_001,토너,복숭아 나이아신아마이드 에센스 토너 250mL,2025.09.20,-,"건성, 웜톤",한달이상사용,제형/사용감,흡수/발림성,2,5점,보통,0,제형,제형도 가벼워서,냄새도 좋고 제형도 가벼워서 닦토 팩토 모두 하기 좋아요 복숭아향이 진짜좋네요,0.7,"냄새, 닦토, 제형, 팩토, 향"
TP_250920_001,토너,복숭아 나이아신아마이드 에센스 토너 250mL,2025.09.20,-,"건성, 웜톤",한달이상사용,구매 가치/편의,상황/편의,2,5점,긍정,2,"닦토, 팩토, 향",닦토 팩토 모두 하기 좋아요 복숭아향이 진짜좋네요,냄새도 좋고 제형도 가벼워서 닦토 팩토 모두 하기 좋아요 복숭아향이 진짜좋네요,0.7,"냄새, 닦토, 제형, 팩토, 향"
TP_250927_001,토너,복숭아 나이아신아마이드 에센스 토너 250mL,2025.09.27,-,"건성, 봄웜톤, 잡티, 미백",한달이상사용,수분/유분 밸런스,보습/속건조,1,5점,긍정,1,촉촉,있어요 다 쓰면 또 살 거임 이거만 발라도 촉촉해짐,아직까지 잘 쓰고 있어요 다 쓰면 또 살 거임 이거만 발라도 촉촉해짐,1.0,촉촉
TP_250929_001,토너,복숭아 나이아신아마이드 에센스 토너 250mL,2025.09.29,-,,,"구매 가치/편의, 제형/사용감","상황/편의, 흡수/발림성",2,5점,긍정,2,"스며, 향",토너는 향이 너무 좋고 피부에 잘 스며듭니다,아누아 브랜드를 정말 좋아해요. 토너는 향이 너무 좋고 피부에 잘 스며듭니다. 피부가 벨벳처럼 매끄 럽고 윤기가 나며 안에서부터 빛이 납니다. 탄력도 생겼어요. 이 브랜드의 앰풀은 제 인생템이에요. 감사합니다!,3.5,"스며, 인생템, 향"
TP_250929_001,토너,복숭아 나이아신아마이드 에센스 토너 250mL,2025.09.29,-,,,구매 가치/편의,추천/재구매,2,5점,긍정,5,인생템,이 브랜드의 앰풀은 제 인생템이에요,아누아 브랜드를 정말 좋아해요. 토너는 향이 너무 좋고 피부에 잘 스며듭니다. 피부가 벨벳처럼 매끄 럽고 윤기가 나며 안에서부터 빛이 납니다. 탄력도 생겼어요. 이 브랜드의 앰풀은 제 인생템이에요. 감사합니다!,3.5,"스며, 인생템, 향"
TP_251001_002,토너,복숭아 나이아신아마이드 에센스 토너 250mL,2025.10.01,-,"복합성, 봄웜톤, 잡티, 각질",한달이상사용,구매 가치/편의,상황/편의,1,5점,긍정,1,화장,화장하니까 쫀득쫀득 화장 개잘먹어용 이걸로 기초허고,이걸로 기초하고 화장하니까 쫀득쫀득 화장 개잘먹어용 이걸로 기초허고 화장하면 개굿,0.5,화장
TP_251001_002,토너,복숭아 나이아신아마이드 에센스 토너 250mL,2025.10.01,-,"복합성, 봄웜톤, 잡티, 각질",한달이상사용,구매 가치/편의,상황/편의,1,5점,보통,0,화장,화장하면 개굿,이걸로 기초하고 화장하니까 쫀득쫀득 화장 개잘먹어용 이걸로 기초허고 화장하면 개굿,0.5,화장
TP_251001_004,토너,복숭아 나이아신아마이드 에센스 토너 250mL,2025.10.01,-,,한달이상사용,구매 가치/편의,가성비/가격,1,5점,보통,0,가격,막상 가격만 보면 비싼 거 같아도 토너 양이 꽤 돼서,막상 가격만 보면 비싼 거 같아도 토너 양이 꽤 돼서 오래 쓸 거 같아요!,0.0,가격
TP_251003_001,토너,복숭아 나이아신아마이드 에센스 토너 250mL,2025.10.03,-,,한달이상사용,제형/사용감,흡수/발림성,1,5점,보통,0,점성,엄청 점성이 잇는건 아니고,아예 물은 아니고 그렇다고 엄청 점성이 잇는건 아니고 그냥 바르기좋은 토너,0.0,점성
TP_251005_001,토너,복숭아 나이아신아마이드 에센스 토너 250mL,2025.10.05,-,,,제형/사용감,끈적임/밀림,2,5점,긍정,2,끈적,가볍고 끈적이지 않아요,냄세가 너무 좋다. 가볍고 끈적이지 않아요. 바르고 나면 피부가 환해요,1.0,"끈적, 환해"
TP_251005_001,토너,복숭아 나이아신아마이드 에센스 토너 250mL,2025.10.05,-,,,피부 고민 해결,미백/광채,2,5점,보통,0,환해,바르고 나면 피부가 환해요,냄세가 너무 좋다. 가볍고 끈적이지 않아요. 바르고 나면 피부가 환해요,1.0,"끈적, 환해"
TP_251006_001,토너,복숭아 나이아신아마이드 에센스 토너 250mL,2025.10.06,-,"건성, 쿨톤, 미백, 각질",한달이상사용,구매 가치/편의,가성비/가격,1,5점,긍정,1,가성비,항상 잘 쓰는 제품이에요 가성비도 좋고,항상 잘 쓰는 제품이에요 가성비도 좋고 맘에 듭니당 제품성도 굿굿,1.0,가성비
TP_251006_002,토너,복숭아 나이아신아마이드 에센스 토너 250mL,2025.10.06,-,,,피부 고민 해결,"진정/장벽, 트러블/모공",1,5점,긍정,2,"여드름, 진정",저는 여드름 피부인데 이 제품을 바르고 피부진정효과를 봤어요,저는 여드름 피부인데 이 제품을 바르고 피부진정효과를 봤어요.,2.0,"여드름, 진정"
TP_251009_001,토너,복숭아 나이아신아마이드 에센스 토너 250mL,2025.10.09,-,,한달이상사용,구매 가치/편의,상황/편의,2,5점,보통,0,"닦토, 화장",화장 전 닦토 아님 토너팩으로 활용하고,점도 있는 토너이고 화장 전 닦토 아님 토너팩으로 활용하고 있어요 양도 괜찮고 쓸 만한거 같아요 미백은 모르겠엉,0.0,"닦토, 미백, 화장"
TP_251009_001,토너,복숭아 나이아신아마이드 에센스 토너 250mL,2025.10.09,-,,한달이상사용,피부 고민 해결,미백/광채,2,5점,보통,0,미백,쓸 만한거 같아요 미백은 모르겠엉,점도 있는 토너이고 화장 전 닦토 아님 토너팩으로 활용하고 있어요 양도 괜찮고 쓸 만한거 같아요 미백은 모르겠엉,0.0,"닦토, 미백, 화장"
TP_251009_002,토너,복숭아 나이아신아마이드 에센스 토너 250mL,2025.10.09,-,,,피부 고민 해결,미백/광채,1,5점,보통,0,미백,오 미백 굿굿 입니다 근데,오 미백 굿굿 입니다 근데 다른 미백 제품하고 함께 쓰면 더 효과적이랄깡 한통 비우고 두번째통 입니덩,0.0,미백
TP_251009_002,토너,복숭아 나이아신아마이드 에센스 토너 250mL,2025.10.09,-,,,피부 고민 해결,미백/광채,1,5점,보통,0,미백,다른 미백 제품하고,오 미백 굿굿 입니다 근데 다른 미백 제품하고 함께 쓰면 더 효과적이랄깡 한통 비우고 두번째통 입니덩,0.0,미백
TP_251009_003,토너,복숭아 나이아신아마이드 에센스 토너 250mL,2025.10.09,-,,,피부 고민 해결,미백/광채,1,5점,긍정,2,미백,님들이거진짜미백에정말좋아요제가이렇게띄어쓰기까지안하고쓸정도면진짜정말좋아서미칠거같다는거아시죠근데의문인게저거왜손에다가하고바를려고하면하얗게되는거죠순수궁금입니다,님들이거진짜미백에정말좋아요제가이렇게띄어쓰기까지안하고쓸정도면진짜정말좋아서미칠거같다는거아시죠근데의문인게저거왜손에다가하고바를려고하면하얗게되는거죠순수궁금입니다,2.0,미백
TP_251010_001,토너,복숭아 나이아신아마이드 에센스 토너 250mL,2025.10.10,-,"민감성, 여름쿨톤, 잡티, 트러블",,"구매 가치/편의, 수분/유분 밸런스, 제형/사용감","상황/편의, 유분/피지, 흡수/발림성",3,5점,긍정,1,"가벼운, 산뜻, 향",산뜻하고 향도 좋고 가벼운 스킨 느낌이에요,산뜻하고 향도 좋고 가벼운 스킨 느낌이에요. 가벼운 느낌 조아하시는 분들에게 딱인거 같아요,0.5,"가벼운, 산뜻, 향"
TP_251010_001,토너,복숭아 나이아신아마이드 에센스 토너 250mL,2025.10.10,-,"민감성, 여름쿨톤, 잡티, 트러블",,제형/사용감,흡수/발림성,3,5점,보통,0,가벼운,가벼운 느낌 조아하시는 분들에게 딱인거 같아요,산뜻하고 향도 좋고 가벼운 스킨 느낌이에요. 가벼운 느낌 조아하시는 분들에게 딱인거 같아요,0.5,"가벼운, 산뜻, 향"
TP_251010_002,토너,복숭아 나이아신아마이드 에센스 토너 250mL,2025.10.10,-,,한달이상사용,피부 고민 해결,미백/광채,2,5점,보통,0,미백,다른 토너에 비해 걸쭉한 느낌이라 자기전에 써용 크게 미백이 되는것같진않은데,되게 점액같은? 다른 토너에 비해 걸쭉한 느낌이라 자기전에 써용 크게 미백이 되는것같진않은데 걍 촉촉해서 쓰는즁,0.5,"미백, 촉촉"
TP_251010_002,토너,복숭아 나이아신아마이드 에센스 토너 250mL,2025.10.10,-,,한달이상사용,수분/유분 밸런스,보습/속건조,2,5점,긍정,1,촉촉,걍 촉촉해서,되게 점액같은? 다른 토너에 비해 걸쭉한 느낌이라 자기전에 써용 크게 미백이 되는것같진않은데 걍 촉촉해서 쓰는즁,0.5,"미백, 촉촉"
TP_251012_001,토너,복숭아 나이아신아마이드 에센스 토너 250mL,2025.10.12,-,"건성, 여름쿨톤, 홍조",한달이상사용,구매 가치/편의,상황/편의,2,5점,보통,0,향,그리고 향과 마무리감이 취향이라서 꾸준히 사용할 것 같습니다,복숭아 토너 큰 효과는 모르겠지만 디자인. 그리고 향과 마무리감이 취향이라서 꾸준히 사용할 것 같습니다! 앰플은 안 맞는 지 좁쌀이 우다다 올라오던데 토너는 잘 맞네요,-0.5,"좁쌀, 향"
TP_251012_001,토너,복숭아 나이아신아마이드 에센스 토너 250mL,2025.10.12,-,"건성, 여름쿨톤, 홍조",한달이상사용,피부 고민 해결,트러블/모공,2,5점,부정,-1,좁쌀,앰플은 안 맞는 지 좁쌀이 우다다 올라오던데 토너는 잘 맞네요,복숭아 토너 큰 효과는 모르겠지만 디자인. 그리고 향과 마무리감이 취향이라서 꾸준히 사용할 것 같습니다! 앰플은 안 맞는 지 좁쌀이 우다다 올라오던데 토너는 잘 맞네요,-0.5,"좁쌀, 향"
TP_251012_002,토너,복숭아 나이아신아마이드 에센스 토너 250mL,2025.10.12,-,,한달이상사용,구매 가치/편의,추천/재구매,1,5점,긍정,5,정착,정착템인듷,넘무 좋아요 이거는 항상 쟁여두고 떨어지면 바로바로 쓰는데 정착템인듷,5.0,정착
TP_251014_001,토너,복숭아 나이아신아마이드 에센스 토너 250mL,2025.10.14,-,,한달이상사용,구매 가치/편의,추천/재구매,1,5점,긍정,4,재구매,이것을 좋아해요 좋아해요 재구매 마음에들어,"품이 마음에 들었어요, 다시 살 수 할게요. 이것을 좋아해요 좋아해요 재구매 마음에들어",4.0,재구매
TP_251016_001,토너,복숭아 나이아신아마이드 에센스 토너 250mL,2025.10.16,-,"지성, 쿨톤, 미백, 다크서클",,구매 가치/편의,상황/편의,1,5점,긍정,1,닦토,유명하다길래 샀음 닦토 찹토할때 잘 사용하는 중 무난하니 좋음,유명하다길래 샀음 닦토 찹토할때 잘 사용하는 중 무난하니 좋음,1.0,닦토
TP_251017_001,토너,복숭아 나이아신아마이드 에센스 토너 250mL,2025.10.17,-,,한달이상사용,"구매 가치/편의, 수분/유분 밸런스, 피부 자극","보습/속건조, 순함/저자극, 자극/부작용, 추천/재구매",3,5점,긍정,4,"만족, 순한, 자극, 자극없, 촉촉",자극없이 순한 편이라서 막 쓰기 좋아요 촉촉하네요 만족합니다,자극없이 순한 편이라서 막 쓰기 좋아요 촉촉하네요 만족합니다.,4.0,"만족, 순한, 자극, 자극없, 촉촉"
TP_251019_001,토너,복숭아 나이아신아마이드 에센스 토너 250mL,2025.10.19,-,,한달이상사용,구매 가치/편의,상황/편의,1,5점,긍정,1,화장,여름에도 겨울에도 건성인 제 피부에 화장 전에 바르기 넘 좋아요,2통째 쓰고 있는 스킨케어제품입니다! 여름에도 겨울에도 건성인 제 피부에 화장 전에 바르기 넘 좋아요. 이거 바르면 화장이 잘 먹어서 좋아여,2.0,화장
TP_251019_001,토너,복숭아 나이아신아마이드 에센스 토너 250mL,2025.10.19,-,,한달이상사용,구매 가치/편의,상황/편의,1,5점,긍정,3,화장,이거 바르면 화장이 잘 먹어서 좋아여,2통째 쓰고 있는 스킨케어제품입니다! 여름에도 겨울에도 건성인 제 피부에 화장 전에 바르기 넘 좋아요. 이거 바르면 화장이 잘 먹어서 좋아여,2.0,화장
TP_251026_001,토너,복숭아 나이아신아마이드 에센스 토너 250mL,2025.10.26,-,,,구매 가치/편의,상황/편의,2,5점,긍정,2,향,향도 너무 좋고,토너는 이번에 처음 써봤는데 향도 너무 좋고 양도 많고 스킨케이 첫 단계에서 발라주니까 확실히 평소 보다 촉촉해서 좋네요,3.0,"촉촉, 향"
TP_251026_001,토너,복숭아 나이아신아마이드 에센스 토너 250mL,2025.10.26,-,,,수분/유분 밸런스,보습/속건조,2,5점,긍정,4,촉촉,발라주니까 확실히 평소 보다 촉촉해서,토너는 이번에 처음 써봤는데 향도 너무 좋고 양도 많고 스킨케이 첫 단계에서 발라주니까 확실히 평소 보다 촉촉해서 좋네요,3.0,"촉촉, 향"
TP_251027_001,토너,복숭아 나이아신아마이드 에센스 토너 250mL,2025.10.27,-,,,구매 가치/편의,추천/재구매,1,5점,긍정,2,추천,완전추천합니다,너무좋습니다. 완전추천합니다. 최고의상품 완전 최고에요,2.0,추천
TP_251101_001,토너,복숭아 나이아신아마이드 에센스 토너 250mL,2025.11.01,-,"민감성, 여름쿨톤, 잡티, 미백",,수분/유분 밸런스,보습/속건조,1,4점,긍정,2,촉촉,촉촉한 토너로 사용해주기 좋은 듯,복숭아수가 맨앞에 있는 제품! 촉촉한 토너로 사용해주기 좋은 듯,2.0,촉촉
TP_251101_002,토너,복숭아 나이아신아마이드 에센스 토너 250mL,2025.11.01,-,,,피부 고민 해결,미백/광채,1,5점,긍정,1,밝아,계속 써보니가 피부도 밝아지고 좋아요 라스트픽으로 싸게삿어요,계속 써보니가 피부도 밝아지고 좋아요 라스트픽으로 싸게삿어요,1.0,밝아
TP_251101_003,토너,복숭아 나이아신아마이드 에센스 토너 250mL,2025.11.01,-,,한달이상사용,구매 가치/편의,추천/재구매,1,5점,긍정,2,만족,아누아 제품은 처음 써보는데 너무 만족해요,패키지부터 제품까지 너무 맘에 들어요. 사길 잘한 거 같아요. 아누아 제품은 처음 써보는데 너무 만족해요.,2.0,만족
TP_251102_001,토너,복숭아 나이아신아마이드 에센스 토너 250mL,2025.11.02,-,,,"구매 가치/편의, 수분/유분 밸런스, 제형/사용감, 피부 고민 해결","끈적임/밀림, 미백/광채, 유분/피지, 추천/재구매, 흡수/발림성",4,5점,긍정,4,"광채, 끈적, 만족, 산뜻, 추천, 흡수","지성 피부 추천 끈적임 없이 맑아지는 복숭아 빛 광채 지성 피부라 무겁거나 끈적이는 에센스 타입 토너는 정말 싫어하는데, 이건 의외로 산뜻하게 흡수되어 만족스러웠어요","지성 피부 추천 끈적임 없이 맑아지는 복숭아 빛 광채 지성 피부라 무겁거나 끈적이는 에센스 타입 토너는 정말 싫어하는데, 이건 의외로 산뜻하게 흡수되어 만족스러웠어요. 콧물 제형이라 닦토보다는 흡토두드려 흡수나 토너팩으로 활용했을 때 효과가 더 좋았습니다. 77 복숭아 추출물과 나이아신아마이드 덕분인지, 꾸준히 사용하니 피부 톤이 확실히 맑아지고 칙칙함이 개선되는 느낌! 특히 메이크업 전에 사용하면 피부 결이 매끄러워져서 화장도 잘 먹어요. 은은한 복숭아 향도 기분 좋게 해주는 데일리 미백결 케어템으로 강추합니다!",2.2,"강추, 광채, 끈적, 닦토, 데일리, 만족, 메이크업, 미백, 산뜻, 제형, 추천, 칙칙, 향, 화장, 흡수, 흡토"
TP_251102_001,토너,복숭아 나이아신아마이드 에센스 토너 250mL,2025.11.02,-,,,"구매 가치/편의, 제형/사용감","상황/편의, 흡수/발림성",4,5점,긍정,2,"닦토, 제형, 흡수, 흡토",콧물 제형이라 닦토보다는 흡토두드려 흡수나 토너팩으로 활용했을 때 효과가 더 좋았습니다,"지성 피부 추천 끈적임 없이 맑아지는 복숭아 빛 광채 지성 피부라 무겁거나 끈적이는 에센스 타입 토너는 정말 싫어하는데, 이건 의외로 산뜻하게 흡수되어 만족스러웠어요. 콧물 제형이라 닦토보다는 흡토두드려 흡수나 토너팩으로 활용했을 때 효과가 더 좋았습니다. 77 복숭아 추출물과 나이아신아마이드 덕분인지, 꾸준히 사용하니 피부 톤이 확실히 맑아지고 칙칙함이 개선되는 느낌! 특히 메이크업 전에 사용하면 피부 결이 매끄러워져서 화장도 잘 먹어요. 은은한 복숭아 향도 기분 좋게 해주는 데일리 미백결 케어템으로 강추합니다!",2.2,"강추, 광채, 끈적, 닦토, 데일리, 만족, 메이크업, 미백, 산뜻, 제형, 추천, 칙칙, 향, 화장, 흡수, 흡토"
TP_251102_001,토너,복숭아 나이아신아마이드 에센스 토너 250mL,2025.11.02,-,,,피부 고민 해결,미백/광채,4,5점,긍정,1,칙칙,칙칙함이 개선되는 느낌,"지성 피부 추천 끈적임 없이 맑아지는 복숭아 빛 광채 지성 피부라 무겁거나 끈적이는 에센스 타입 토너는 정말 싫어하는데, 이건 의외로 산뜻하게 흡수되어 만족스러웠어요. 콧물 제형이라 닦토보다는 흡토두드려 흡수나 토너팩으로 활용했을 때 효과가 더 좋았습니다. 77 복숭아 추출물과 나이아신아마이드 덕분인지, 꾸준히 사용하니 피부 톤이 확실히 맑아지고 칙칙함이 개선되는 느낌! 특히 메이크업 전에 사용하면 피부 결이 매끄러워져서 화장도 잘 먹어요. 은은한 복숭아 향도 기분 좋게 해주는 데일리 미백결 케어템으로 강추합니다!",2.2,"강추, 광채, 끈적, 닦토, 데일리, 만족, 메이크업, 미백, 산뜻, 제형, 추천, 칙칙, 향, 화장, 흡수, 흡토"
TP_251102_001,토너,복숭아 나이아신아마이드 에센스 토너 250mL,2025.11.02,-,,,구매 가치/편의,상황/편의,4,5점,보통,0,메이크업,특히 메이크업 전에 사용하면 피부 결이 매끄러워져서,"지성 피부 추천 끈적임 없이 맑아지는 복숭아 빛 광채 지성 피부라 무겁거나 끈적이는 에센스 타입 토너는 정말 싫어하는데, 이건 의외로 산뜻하게 흡수되어 만족스러웠어요. 콧물 제형이라 닦토보다는 흡토두드려 흡수나 토너팩으로 활용했을 때 효과가 더 좋았습니다. 77 복숭아 추출물과 나이아신아마이드 덕분인지, 꾸준히 사용하니 피부 톤이 확실히 맑아지고 칙칙함이 개선되는 느낌! 특히 메이크업 전에 사용하면 피부 결이 매끄러워져서 화장도 잘 먹어요. 은은한 복숭아 향도 기분 좋게 해주는 데일리 미백결 케어템으로 강추합니다!",2.2,"강추, 광채, 끈적, 닦토, 데일리, 만족, 메이크업, 미백, 산뜻, 제형, 추천, 칙칙, 향, 화장, 흡수, 흡토"
TP_251102_001,토너,복숭아 나이아신아마이드 에센스 토너 250mL,2025.11.02,-,,,구매 가치/편의,상황/편의,4,5점,긍정,2,화장,화장도 잘 먹어요,"지성 피부 추천 끈적임 없이 맑아지는 복숭아 빛 광채 지성 피부라 무겁거나 끈적이는 에센스 타입 토너는 정말 싫어하는데, 이건 의외로 산뜻하게 흡수되어 만족스러웠어요. 콧물 제형이라 닦토보다는 흡토두드려 흡수나 토너팩으로 활용했을 때 효과가 더 좋았습니다. 77 복숭아 추출물과 나이아신아마이드 덕분인지, 꾸준히 사용하니 피부 톤이 확실히 맑아지고 칙칙함이 개선되는 느낌! 특히 메이크업 전에 사용하면 피부 결이 매끄러워져서 화장도 잘 먹어요. 은은한 복숭아 향도 기분 좋게 해주는 데일리 미백결 케어템으로 강추합니다!",2.2,"강추, 광채, 끈적, 닦토, 데일리, 만족, 메이크업, 미백, 산뜻, 제형, 추천, 칙칙, 향, 화장, 흡수, 흡토"
TP_251102_001,토너,복숭아 나이아신아마이드 에센스 토너 250mL,2025.11.02,-,,,"구매 가치/편의, 피부 고민 해결","미백/광채, 상황/편의, 추천/재구매",4,5점,긍정,4,"강추, 데일리, 미백, 향",은은한 복숭아 향도 기분 좋게 해주는 데일리 미백결 케어템으로 강추합니다,"지성 피부 추천 끈적임 없이 맑아지는 복숭아 빛 광채 지성 피부라 무겁거나 끈적이는 에센스 타입 토너는 정말 싫어하는데, 이건 의외로 산뜻하게 흡수되어 만족스러웠어요. 콧물 제형이라 닦토보다는 흡토두드려 흡수나 토너팩으로 활용했을 때 효과가 더 좋았습니다. 77 복숭아 추출물과 나이아신아마이드 덕분인지, 꾸준히 사용하니 피부 톤이 확실히 맑아지고 칙칙함이 개선되는 느낌! 특히 메이크업 전에 사용하면 피부 결이 매끄러워져서 화장도 잘 먹어요. 은은한 복숭아 향도 기분 좋게 해주는 데일리 미백결 케어템으로 강추합니다!",2.2,"강추, 광채, 끈적, 닦토, 데일리, 만족, 메이크업, 미백, 산뜻, 제형, 추천, 칙칙, 향, 화장, 흡수, 흡토"
TP_251102_002,토너,복숭아 나이아신아마이드 에센스 토너 250mL,2025.11.02,-,,,제형/사용감,흡수/발림성,2,4점,보통,0,흡수,흡수도 빨리 되고,양이 많아서 좋습니다! 음 그 뭐지 그 나오는 입구 다이소꺼랑 바꿔서 스프레이 형태로 쓰고 있는데 좋아요! 흡수도 빨리 되고 마무리도 쫀쫀하게 되서 화장 하기 전에 사용해요!,0.3,"쫀쫀, 화장, 흡수"
TP_251102_002,토너,복숭아 나이아신아마이드 에센스 토너 250mL,2025.11.02,-,,,제형/사용감,흡수/발림성,2,4점,긍정,1,쫀쫀,마무리도 쫀쫀하게 되서,양이 많아서 좋습니다! 음 그 뭐지 그 나오는 입구 다이소꺼랑 바꿔서 스프레이 형태로 쓰고 있는데 좋아요! 흡수도 빨리 되고 마무리도 쫀쫀하게 되서 화장 하기 전에 사용해요!,0.3,"쫀쫀, 화장, 흡수"
TP_251102_002,토너,복숭아 나이아신아마이드 에센스 토너 250mL,2025.11.02,-,,,구매 가치/편의,상황/편의,2,4점,보통,0,화장,화장 하기 전에 사용해요,양이 많아서 좋습니다! 음 그 뭐지 그 나오는 입구 다이소꺼랑 바꿔서 스프레이 형태로 쓰고 있는데 좋아요! 흡수도 빨리 되고 마무리도 쫀쫀하게 되서 화장 하기 전에 사용해요!,0.3,"쫀쫀, 화장, 흡수"
TP_251103_001,토너,복숭아 나이아신아마이드 에센스 토너 250mL,2025.11.03,-,,,수분/유분 밸런스,보습/속건조,1,5점,긍정,2,촉촉,아니 이거 완전 촉촉하고,아니 이거 완전 촉촉하고 완전 대박임 마스크팩 많이 썼는데그거보다 이게 더 좋음,2.0,촉촉
TP_251103_002,토너,복숭아 나이아신아마이드 에센스 토너 250mL,2025.11.03,-,"지성, 겨울쿨톤, 잡티, 모공",한달이상사용,"수분/유분 밸런스, 피부 자극","보습/속건조, 순함/저자극, 자극/부작용",2,5점,긍정,4,"보습, 순해, 자극, 자극없",자극없이 순해요 보습력이 좋은건 모르겠어요 여름과초가을쯤쓰면 괜찮을거같아요,자극없이 순해요 보습력이 좋은건 모르겠어요 여름과초가을쯤쓰면 괜찮을거같아요,4.0,"보습, 순해, 자극, 자극없"
TP_251103_003,토너,복숭아 나이아신아마이드 에센스 토너 250mL,2025.11.03,-,,,구매 가치/편의,상황/편의,1,5점,긍정,1,화장,화장도 잘먹어서,이거 쓰고 확실히 얼굴이 뽀용해지고 하야진게 느껴져용 가볍고 화장도 잘먹어서 좋슴니다,1.0,화장
TP_251103_004,토너,복숭아 나이아신아마이드 에센스 토너 250mL,2025.11.03,-,"건성, 여름쿨톤, 잡티, 트러블",,제형/사용감,흡수/발림성,1,5점,긍정,2,쫀쫀,오늘 아침에 한번 써봤는데 피부가 쫀쫀해져서 좋은거 같아요,오늘 아침에 한번 써봤는데 피부가 쫀쫀해져서 좋은거 같아요,2.0,쫀쫀
TP_251103_005,토너,복숭아 나이아신아마이드 에센스 토너 250mL,2025.11.03,-,,,제형/사용감,흡수/발림성,2,5점,보통,0,점성,점성 있어서,점성 있어서 좋아요 물처럼 흐르는 토너보다 좀더 보습감이 있는 느낌임,0.5,"보습, 점성"
TP_251103_005,토너,복숭아 나이아신아마이드 에센스 토너 250mL,2025.11.03,-,,,수분/유분 밸런스,보습/속건조,2,5점,긍정,1,보습,좋아요 물처럼 흐르는 토너보다 좀더 보습감이 있는 느낌임,점성 있어서 좋아요 물처럼 흐르는 토너보다 좀더 보습감이 있는 느낌임,0.5,"보습, 점성"
TP_251105_001,토너,복숭아 나이아신아마이드 에센스 토너 250mL,2025.11.05,-,"지성, 웜톤, 트러블, 블랙헤드",,구매 가치/편의,상황/편의,2,5점,보통,0,향,향긋하고,향긋하고 사랑스러운 복숭아향이구 마치 제가 어피치가 된 기분이며 촉촉하고 산뜻해요 추천합니당!,0.5,"산뜻, 촉촉, 추천, 향"
TP_251105_001,토너,복숭아 나이아신아마이드 에센스 토너 250mL,2025.11.05,-,"지성, 웜톤, 트러블, 블랙헤드",,구매 가치/편의,상황/편의,2,5점,보통,0,향,사랑스러운 복숭아향이구 마치 제가 어피치가 된 기분이며,향긋하고 사랑스러운 복숭아향이구 마치 제가 어피치가 된 기분이며 촉촉하고 산뜻해요 추천합니당!,0.5,"산뜻, 촉촉, 추천, 향"
TP_251105_001,토너,복숭아 나이아신아마이드 에센스 토너 250mL,2025.11.05,-,"지성, 웜톤, 트러블, 블랙헤드",,수분/유분 밸런스,보습/속건조,2,5점,긍정,1,촉촉,촉촉하고,향긋하고 사랑스러운 복숭아향이구 마치 제가 어피치가 된 기분이며 촉촉하고 산뜻해요 추천합니당!,0.5,"산뜻, 촉촉, 추천, 향"
TP_251105_001,토너,복숭아 나이아신아마이드 에센스 토너 250mL,2025.11.05,-,"지성, 웜톤, 트러블, 블랙헤드",,"구매 가치/편의, 수분/유분 밸런스","유분/피지, 추천/재구매",2,5점,긍정,1,"산뜻, 추천",산뜻해요 추천합니당,향긋하고 사랑스러운 복숭아향이구 마치 제가 어피치가 된 기분이며 촉촉하고 산뜻해요 추천합니당!,0.5,"산뜻, 촉촉, 추천, 향"
TP_251105_002,토너,복숭아 나이아신아마이드 에센스 토너 250mL,2025.11.05,-,,,구매 가치/편의,"가성비/가격, 추천/재구매",1,5점,긍정,4,"가성비, 재구매",좋아요 가성비도 좋고 제품 품질도 뛰어납니다 재구매할것같아요,좋아요 가성비도 좋고 제품 품질도 뛰어납니다 재구매할것같아요,4.0,"가성비, 재구매"
TP_251105_003,토너,복숭아 나이아신아마이드 에센스 토너 250mL,2025.11.05,-,,,구매 가치/편의,상황/편의,1,5점,긍정,1,향,향이 뭔가 애매하긴한데 좋음 굿,향이 뭔가 애매하긴한데 좋음 굿. 올영 라픽으로 7천원에 삼,1.0,향
TP_251107_001,토너,복숭아 나이아신아마이드 에센스 토너 250mL,2025.11.07,-,,,제형/사용감,끈적임/밀림,1,4점,긍정,2,끈적,끈적임이 없고,끈적임이 없고 깔끔하게 피부에 밀착을 시켜줘서 아주 좋고 자주 이용할 것 같아요!,1.0,"끈적, 밀착"
TP_251107_001,토너,복숭아 나이아신아마이드 에센스 토너 250mL,2025.11.07,-,,,제형/사용감,흡수/발림성,1,4점,보통,0,밀착,깔끔하게 피부에 밀착을 시켜줘서,끈적임이 없고 깔끔하게 피부에 밀착을 시켜줘서 아주 좋고 자주 이용할 것 같아요!,1.0,"끈적, 밀착"
TP_251108_001,토너,복숭아 나이아신아마이드 에센스 토너 250mL,2025.11.08,-,,,구매 가치/편의,상황/편의,2,5점,보통,0,향,아누아 복숭아 라인 유명하죠 일단 향이 너무 마음에 들고요 그리고,아누아 복숭아 라인 유명하죠 일단 향이 너무 마음에 들고요 그리고 끈적이지 않고 잘 흡수되고 나이아신 함량도 좋아요,0.7,"끈적, 향, 흡수"
TP_251108_001,토너,복숭아 나이아신아마이드 에센스 토너 250mL,2025.11.08,-,,,제형/사용감,끈적임/밀림,2,5점,긍정,2,끈적,끈적이지 않고,아누아 복숭아 라인 유명하죠 일단 향이 너무 마음에 들고요 그리고 끈적이지 않고 잘 흡수되고 나이아신 함량도 좋아요,0.7,"끈적, 향, 흡수"
TP_251108_001,토너,복숭아 나이아신아마이드 에센스 토너 250mL,2025.11.08,-,,,제형/사용감,흡수/발림성,2,5점,보통,0,흡수,잘 흡수되고,아누아 복숭아 라인 유명하죠 일단 향이 너무 마음에 들고요 그리고 끈적이지 않고 잘 흡수되고 나이아신 함량도 좋아요,0.7,"끈적, 향, 흡수"
TP_251109_001,토너,복숭아 나이아신아마이드 에센스 토너 250mL,2025.11.09,-,"민감성, 여름쿨톤, 잡티, 트러블",한달이상사용,"구매 가치/편의, 수분/유분 밸런스","보습/속건조, 상황/편의",2,5점,긍정,1,"촉촉, 향",촉촉하며 향도 조아요,촉촉하며 향도 조아요! 아직 잘쓰구 있어요! 앞으로도 구매하려구요,1.0,"촉촉, 향"
TP_251111_001,토너,복숭아 나이아신아마이드 에센스 토너 250mL,2025.11.11,-,,,구매 가치/편의,상황/편의,1,4점,긍정,1,데일리,그냥 토너느낌 그냥 데일리로 쓰기좋은 토너임,그냥 토너느낌 그냥 데일리로 쓰기좋은 토너임,1.0,데일리
TP_251111_002,토너,복숭아 나이아신아마이드 에센스 토너 250mL,2025.11.11,-,"복합성, 웜톤, 잡티, 미백",,"구매 가치/편의, 수분/유분 밸런스","보습/속건조, 상황/편의",2,5점,긍정,1,"촉촉, 향",촉촉하고 향도 복숭아향나요,일단 양 조절할 수 있게 쏟아져 나오지 않아서 넘 좋아요! 촉촉하고 향도 복숭아향나요!,1.0,"촉촉, 향"
TP_251114_001,토너,복숭아 나이아신아마이드 에센스 토너 250mL,2025.11.14,-,,,구매 가치/편의,상황/편의,3,5점,보통,0,냄새,냄새 너무 좋아윰,냄새 너무 좋아윰! 봉숭아라 핑크핑크하고 귀여워요 이 토너랑 아누아 엠플이랑 같이쓰면 기분이 젛아욤! 자극도 없이 순하고 물같은 제형?이라 쓰기 편해요! 양도 완전 많아서 좋아염,1.5,"냄새, 자극, 제형"
TP_251114_001,토너,복숭아 나이아신아마이드 에센스 토너 250mL,2025.11.14,-,,,"제형/사용감, 피부 자극","자극/부작용, 흡수/발림성",3,5점,긍정,3,"자극, 제형",자극도 없이 순하고 물같은 제형,냄새 너무 좋아윰! 봉숭아라 핑크핑크하고 귀여워요 이 토너랑 아누아 엠플이랑 같이쓰면 기분이 젛아욤! 자극도 없이 순하고 물같은 제형?이라 쓰기 편해요! 양도 완전 많아서 좋아염,1.5,"냄새, 자극, 제형"
TP_251116_001,토너,복숭아 나이아신아마이드 에센스 토너 250mL,2025.11.16,-,"복합성, 봄웜톤, 잡티, 각질",,구매 가치/편의,상황/편의,1,5점,긍정,3,화잘먹,화잘먹 토너임 그리고,화잘먹 토너임 그리고 피부결도 좋아져여 무지개반사우주반사절대반사블랙홀반사자동반사크리스탈반사슈퍼울트라반사흑염룡반사안드로메다반사알래스카반사시베리아허스키반사복사열반사유령반사외계인반사인공지능반사제우스반사리듬에몸을맡기고반사호루스의눈반사,3.0,화잘먹
TP_251117_001,토너,복숭아 나이아신아마이드 에센스 토너 250mL,2025.11.17,-,"민감성, 가을웜톤, 블랙헤드, 홍조",,구매 가치/편의,상황/편의,2,5점,보통,0,팩토,아 진짜 이 토너 팩토하고,아 진짜 이 토너 팩토하고 화장하면 얼굴 열감 싹 내려주고 화장 착붙 최고에요,1.0,"열감, 팩토, 화장"
TP_251117_001,토너,복숭아 나이아신아마이드 에센스 토너 250mL,2025.11.17,-,"민감성, 가을웜톤, 블랙헤드, 홍조",,"구매 가치/편의, 피부 고민 해결","상황/편의, 진정/장벽",2,5점,보통,0,"열감, 화장",화장하면 얼굴 열감 싹 내려주고,아 진짜 이 토너 팩토하고 화장하면 얼굴 열감 싹 내려주고 화장 착붙 최고에요,1.0,"열감, 팩토, 화장"
TP_251117_001,토너,복숭아 나이아신아마이드 에센스 토너 250mL,2025.11.17,-,"민감성, 가을웜톤, 블랙헤드, 홍조",,구매 가치/편의,상황/편의,2,5점,긍정,3,화장,화장 착붙 최고에요,아 진짜 이 토너 팩토하고 화장하면 얼굴 열감 싹 내려주고 화장 착붙 최고에요,1.0,"열감, 팩토, 화장"
TP_251122_001,토너,복숭아 나이아신아마이드 에센스 토너 250mL,2025.11.22,-,,,구매 가치/편의,상황/편의,1,5점,긍정,4,화장,항상 화장하기전에 쓰면 화장 잘 먹어서 너무 좋아요,항상 화장하기전에 쓰면 화장 잘 먹어서 너무 좋아요!,4.0,화장
TP_251124_001,토너,복숭아 나이아신아마이드 에센스 토너 250mL,2025.11.24,-,,,피부 고민 해결,미백/광채,2,5점,보통,0,밝아,정도 있다 보면 안색이 좀 밝아진,간단하게 토너팩 하기 좋은 토너 찾다가 써볼까 싳어서 사서 토너팩했는데 모야 기대한것보다 좋았습니다 토너팩 올리고 5분?정도 있다 보면 안색이 좀 밝아진?느낌이고 피부도 쫀쫀하니 너무 좋아여,1.5,"밝아, 쫀쫀"
TP_251124_001,토너,복숭아 나이아신아마이드 에센스 토너 250mL,2025.11.24,-,,,제형/사용감,흡수/발림성,2,5점,긍정,3,쫀쫀,느낌이고 피부도 쫀쫀하니 너무 좋아여,간단하게 토너팩 하기 좋은 토너 찾다가 써볼까 싳어서 사서 토너팩했는데 모야 기대한것보다 좋았습니다 토너팩 올리고 5분?정도 있다 보면 안색이 좀 밝아진?느낌이고 피부도 쫀쫀하니 너무 좋아여,1.5,"밝아, 쫀쫀"
TP_251125_001,토너,복숭아 나이아신아마이드 에센스 토너 250mL,2025.11.25,-,,,구매 가치/편의,상황/편의,1,5점,보통,0,향,복숭아향이 은은하게 나고,복숭아향이 은은하게 나고 이거 바르고 화장하면 겁나 잘된답니다 추천,1.0,"추천, 향, 화장"
TP_251125_001,토너,복숭아 나이아신아마이드 에센스 토너 250mL,2025.11.25,-,,,구매 가치/편의,"상황/편의, 추천/재구매",1,5점,긍정,2,"추천, 화장",화장하면 겁나 잘된답니다 추천,복숭아향이 은은하게 나고 이거 바르고 화장하면 겁나 잘된답니다 추천,1.0,"추천, 향, 화장"
TP_251129_001,토너,복숭아 나이아신아마이드 에센스 토너 250mL,2025.11.29,-,"중성, 여름쿨톤, 미백, 주름",,구매 가치/편의,가성비/가격,1,5점,긍정,1,가격,블랙프라이데이에 운 좋게 싼 가격에 사게 되었는데,블랙프라이데이에 운 좋게 싼 가격에 사게 되었는데 아주 좋은 상품이군여,1.0,가격
TP_251130_001,토너,복숭아 나이아신아마이드 에센스 토너 250mL,2025.11.30,-,,,수분/유분 밸런스,보습/속건조,2,5점,긍정,1,촉촉,촉촉하고,촉촉하고 아주 좋아요 복숭아좋아해서 써봤는데 아주 만족하는 재품입니당,1.5,"만족, 촉촉"
TP_251130_001,토너,복숭아 나이아신아마이드 에센스 토너 250mL,2025.11.30,-,,,구매 가치/편의,추천/재구매,2,5점,긍정,2,만족,아주 만족하는 재품입니당,촉촉하고 아주 좋아요 복숭아좋아해서 써봤는데 아주 만족하는 재품입니당,1.5,"만족, 촉촉"
TP_251130_002,토너,복숭아 나이아신아마이드 에센스 토너 250mL,2025.11.30,-,,,구매 가치/편의,추천/재구매,2,5점,긍정,3,재구매,벌써 재구매 템이에요,벌써 재구매 템이에요! 이거 없으면 화장을 못하겠어요 화장하기 전에 닥토로 피부결 정리 해주면 진짜 너무너무 촉촉하고 화장이 너무 잘 먹어요! 특히 겨울에 피부 건조하지 않게 예쁜 광 내고 싶으신 분들은 진짜 너무너무 좋아하실 것 같아요,2.5,"건조, 재구매, 촉촉, 화장"
TP_251130_002,토너,복숭아 나이아신아마이드 에센스 토너 250mL,2025.11.30,-,,,"구매 가치/편의, 수분/유분 밸런스","보습/속건조, 상황/편의",2,5점,긍정,2,"촉촉, 화장",이거 없으면 화장을 못하겠어요 화장하기 전에 닥토로 피부결 정리 해주면 진짜 너무너무 촉촉하고,벌써 재구매 템이에요! 이거 없으면 화장을 못하겠어요 화장하기 전에 닥토로 피부결 정리 해주면 진짜 너무너무 촉촉하고 화장이 너무 잘 먹어요! 특히 겨울에 피부 건조하지 않게 예쁜 광 내고 싶으신 분들은 진짜 너무너무 좋아하실 것 같아요,2.5,"건조, 재구매, 촉촉, 화장"
TP_251130_002,토너,복숭아 나이아신아마이드 에센스 토너 250mL,2025.11.30,-,,,구매 가치/편의,상황/편의,2,5점,긍정,3,화장,화장이 너무 잘 먹어요,벌써 재구매 템이에요! 이거 없으면 화장을 못하겠어요 화장하기 전에 닥토로 피부결 정리 해주면 진짜 너무너무 촉촉하고 화장이 너무 잘 먹어요! 특히 겨울에 피부 건조하지 않게 예쁜 광 내고 싶으신 분들은 진짜 너무너무 좋아하실 것 같아요,2.5,"건조, 재구매, 촉촉, 화장"
TP_251130_002,토너,복숭아 나이아신아마이드 에센스 토너 250mL,2025.11.30,-,,,수분/유분 밸런스,보습/속건조,2,5점,긍정,2,건조,특히 겨울에 피부 건조하지 않게 예쁜 광 내고,벌써 재구매 템이에요! 이거 없으면 화장을 못하겠어요 화장하기 전에 닥토로 피부결 정리 해주면 진짜 너무너무 촉촉하고 화장이 너무 잘 먹어요! 특히 겨울에 피부 건조하지 않게 예쁜 광 내고 싶으신 분들은 진짜 너무너무 좋아하실 것 같아요,2.5,"건조, 재구매, 촉촉, 화장"
TP_251130_003,토너,복숭아 나이아신아마이드 에센스 토너 250mL,2025.11.30,-,,한달이상사용,구매 가치/편의,상황/편의,2,5점,보통,0,향,그리고 향과 마무리감이 취향이라서 꾸준히 사용할 것 같습니다,복숭아 토너 큰 효과는 모르겠지만 디자인. 그리고 향과 마무리감이 취향이라서 꾸준히 사용할 것 같습니다! 앰플은 안 맞는 지 좁쌀이 우다다 올라오던데 토너는 잘 맞네요,-0.5,"좁쌀, 향"
TP_251130_003,토너,복숭아 나이아신아마이드 에센스 토너 250mL,2025.11.30,-,,한달이상사용,피부 고민 해결,트러블/모공,2,5점,부정,-1,좁쌀,앰플은 안 맞는 지 좁쌀이 우다다 올라오던데 토너는 잘 맞네요,복숭아 토너 큰 효과는 모르겠지만 디자인. 그리고 향과 마무리감이 취향이라서 꾸준히 사용할 것 같습니다! 앰플은 안 맞는 지 좁쌀이 우다다 올라오던데 토너는 잘 맞네요,-0.5,"좁쌀, 향"
TP_251130_004,토너,복숭아 나이아신아마이드 에센스 토너 250mL,2025.11.30,-,,,피부 고민 해결,진정/장벽,1,5점,보통,0,가라앉,한번 나면 잘 안가라앉거든요 이거쓰고,이건에요 피부에 뭐가 진짜 안나는편인데 한번 나면 잘 안가라앉거든요 이거쓰고 바로 들어갓어요 그리고 무엇보다 피부결이 쫀득하게 매끈해져요 이건혁명이야 아누아 비싸기만하고 별로라는 편견을 가지고있었는데 이거 라픽으로 사고 아누아 숭배해요,0.0,가라앉
TP_251130_005,토너,복숭아 나이아신아마이드 에센스 토너 250mL,2025.11.30,-,,,피부 고민 해결,진정/장벽,4,5점,보통,0,예민,피부가 예민하고,피부가 예민하고 건성인데 촉촉하고 화장도 안뜨고 순해서 좋아요 세럼써보고 괜찮아서 토너도 주문했는데 괜찮네요,0.5,"순해, 예민, 촉촉, 화장"
TP_251130_005,토너,복숭아 나이아신아마이드 에센스 토너 250mL,2025.11.30,-,,,수분/유분 밸런스,보습/속건조,4,5점,긍정,1,촉촉,촉촉하고,피부가 예민하고 건성인데 촉촉하고 화장도 안뜨고 순해서 좋아요 세럼써보고 괜찮아서 토너도 주문했는데 괜찮네요,0.5,"순해, 예민, 촉촉, 화장"
TP_251130_005,토너,복숭아 나이아신아마이드 에센스 토너 250mL,2025.11.30,-,,,구매 가치/편의,상황/편의,4,5점,보통,0,화장,화장도 안뜨고,피부가 예민하고 건성인데 촉촉하고 화장도 안뜨고 순해서 좋아요 세럼써보고 괜찮아서 토너도 주문했는데 괜찮네요,0.5,"순해, 예민, 촉촉, 화장"
TP_251130_005,토너,복숭아 나이아신아마이드 에센스 토너 250mL,2025.11.30,-,,,피부 자극,순함/저자극,4,5점,긍정,1,순해,순해서,피부가 예민하고 건성인데 촉촉하고 화장도 안뜨고 순해서 좋아요 세럼써보고 괜찮아서 토너도 주문했는데 괜찮네요,0.5,"순해, 예민, 촉촉, 화장"
TP_251201_001,토너,복숭아 나이아신아마이드 에센스 토너 250mL,2025.12.01,-,"민감성, 여름쿨톤, 잡티, 미백",한달이상사용,수분/유분 밸런스,보습/속건조,1,4점,긍정,2,촉촉,촉촉한 토너로 사용해주기 좋은 듯,복숭아수가 맨앞에 있는 제품! 촉촉한 토너로 사용해주기 좋은 듯,2.0,촉촉
TP_251201_002,토너,복숭아 나이아신아마이드 에센스 토너 250mL,2025.12.01,-,,한달이상사용,구매 가치/편의,상황/편의,2,5점,보통,0,분사,다이소 안개분사 스프레이 껴서,다이소 안개분사 스프레이 껴서 썻는데 좀 에샌스 제형이라서 그냥 토너패드애 부음,0.0,"분사, 제형"
TP_251201_002,토너,복숭아 나이아신아마이드 에센스 토너 250mL,2025.12.01,-,,한달이상사용,제형/사용감,흡수/발림성,2,5점,보통,0,제형,좀 에샌스 제형이라서,다이소 안개분사 스프레이 껴서 썻는데 좀 에샌스 제형이라서 그냥 토너패드애 부음,0.0,"분사, 제형"
TP_251202_003,토너,복숭아 나이아신아마이드 에센스 토너 250mL,2025.12.02,-,,한달이상사용,제형/사용감,끈적임/밀림,1,5점,긍정,1,끈적,마무리감이 살짝 끈적이긴 하지만 좋아용 역시 아누아,마무리감이 살짝 끈적이긴 하지만 좋아용 역시 아누아,1.0,끈적
TP_251202_004,토너,복숭아 나이아신아마이드 에센스 토너 250mL,2025.12.02,-,"건성, 쿨톤, 잡티, 미백",한달이상사용,피부 고민 해결,미백/광채,1,5점,긍정,3,결 개선,피부결 개선에 이만한 없음 이 복숭아 라인이 다 좋아요 진짜,피부결 개선에 이만한 없음 이 복숭아 라인이 다 좋아요 진짜,3.0,결 개선
TP_251202_005,토너,복숭아 나이아신아마이드 에센스 토너 250mL,2025.12.02,-,"건성, 여름쿨톤, 트러블, 모공",,구매 가치/편의,추천/재구매,1,4점,긍정,5,정착,유목민 분들이 꾸준템으로 쓸 수 있는 정착템이 되지 않을까 싶습니다,마음에 들어서 자주 애용하는 제품이에요. 무난해서 피부 타입이나 톤에 구애받지 않고 모든 분들이 무난하고 편하게 사용하기 좋을 것 같아요! 유목민 분들이 꾸준템으로 쓸 수 있는 정착템이 되지 않을까 싶습니다!,5.0,정착
TP_251203_001,토너,복숭아 나이아신아마이드 에센스 토너 250mL,2025.12.03,-,,한달이상사용,제형/사용감,흡수/발림성,1,4점,보통,0,"점성, 제형",평범한데 조금 점성이 있는 제형이에요 잘 쓰고 있어용,평범한데 조금 점성이 있는 제형이에요 잘 쓰고 있어용,0.0,"점성, 제형"
TP_251206_001,토너,복숭아 나이아신아마이드 에센스 토너 250mL,2025.12.06,-,,한달이상사용,구매 가치/편의,가성비/가격,1,5점,보통,0,세일,라픽으로 구매했어요 이본 올영세일때 세럼이랑 로션도 구매함,라픽으로 구매했어요 이본 올영세일때 세럼이랑 로션도 구매함,0.0,세일
TP_251206_002,토너,복숭아 나이아신아마이드 에센스 토너 250mL,2025.12.06,-,,한달이상사용,피부 자극,자극/부작용,2,5점,긍정,3,자극,자극 하나두 없고,자극 하나두 없고 데일리로 쓸만해요 향도 좋아서 쓸 때 기분 좋음 굿,2.0,"데일리, 자극, 향"
TP_251206_002,토너,복숭아 나이아신아마이드 에센스 토너 250mL,2025.12.06,-,,한달이상사용,구매 가치/편의,상황/편의,2,5점,긍정,1,"데일리, 향",데일리로 쓸만해요 향도 좋아서,자극 하나두 없고 데일리로 쓸만해요 향도 좋아서 쓸 때 기분 좋음 굿,2.0,"데일리, 자극, 향"
TP_251207_001,토너,복숭아 나이아신아마이드 에센스 토너 250mL,2025.12.07,-,,,구매 가치/편의,추천/재구매,3,4점,보통,0,선물,일본인 친구중 한명이 선물해줘서,아누아 77 패드쓰고 피부 와장창창 된 사람인데요. 일본인 친구중 한명이 선물해줘서 이번에 써본 제품이에요 화장솜에 적셔서 쓰는편은 아니라 그냥 흡수 시켜줬는데 아직 효과는 못봤어요.기능성 화장품이니 좀 더 기다려봐야 할거 같아용 디자인도 이쁘구 순해서 쓸만합니당,0.2,"선물, 순해, 화장, 흡수"
TP_251207_001,토너,복숭아 나이아신아마이드 에센스 토너 250mL,2025.12.07,-,,,구매 가치/편의,상황/편의,3,4점,보통,0,화장,이번에 써본 제품이에요 화장솜에 적셔서,아누아 77 패드쓰고 피부 와장창창 된 사람인데요. 일본인 친구중 한명이 선물해줘서 이번에 써본 제품이에요 화장솜에 적셔서 쓰는편은 아니라 그냥 흡수 시켜줬는데 아직 효과는 못봤어요.기능성 화장품이니 좀 더 기다려봐야 할거 같아용 디자인도 이쁘구 순해서 쓸만합니당,0.2,"선물, 순해, 화장, 흡수"
TP_251207_001,토너,복숭아 나이아신아마이드 에센스 토너 250mL,2025.12.07,-,,,제형/사용감,흡수/발림성,3,4점,보통,0,흡수,쓰는편은 아니라 그냥 흡수 시켜줬는데,아누아 77 패드쓰고 피부 와장창창 된 사람인데요. 일본인 친구중 한명이 선물해줘서 이번에 써본 제품이에요 화장솜에 적셔서 쓰는편은 아니라 그냥 흡수 시켜줬는데 아직 효과는 못봤어요.기능성 화장품이니 좀 더 기다려봐야 할거 같아용 디자인도 이쁘구 순해서 쓸만합니당,0.2,"선물, 순해, 화장, 흡수"
TP_251207_001,토너,복숭아 나이아신아마이드 에센스 토너 250mL,2025.12.07,-,,,"구매 가치/편의, 피부 자극","상황/편의, 순함/저자극",3,4점,긍정,1,"순해, 화장",기능성 화장품이니 좀 더 기다려봐야 할거 같아용 디자인도 이쁘구 순해서,아누아 77 패드쓰고 피부 와장창창 된 사람인데요. 일본인 친구중 한명이 선물해줘서 이번에 써본 제품이에요 화장솜에 적셔서 쓰는편은 아니라 그냥 흡수 시켜줬는데 아직 효과는 못봤어요.기능성 화장품이니 좀 더 기다려봐야 할거 같아용 디자인도 이쁘구 순해서 쓸만합니당,0.2,"선물, 순해, 화장, 흡수"
TP_251207_002,토너,복숭아 나이아신아마이드 에센스 토너 250mL,2025.12.07,-,"복합성, 여름쿨톤, 미백, 블랙헤드",,피부 자극,순함/저자극,5,5점,보통,0,민감,복합성민감성아토피여름쿨톤페일톤17호학생 리뷰가 도움이 되셨다면 을 꾹 눌러주세요,복합성민감성아토피여름쿨톤페일톤17호학생 리뷰가 도움이 되셨다면 을 꾹 눌러주세요! 리뷰 점성있는 물같은 제형으로 보습감이 꽤나 있어서 겨울에만 써주는 토너에요! 이거 쓰면 쫀쫀 피부 완성이라 베이스가 더 쫩쫩 잘먹는 느낌쓰 미백 효과는 꾸준히 쓰면 인상이 조금 화사해지는 정도랄까요 촉촉함을 기대하시길 바랍니다 미백효과를 포기하시면 만족스러우실수도요,1.7,"만족, 미백, 민감, 보습, 점성, 제형, 쫀쫀, 촉촉"
TP_251207_002,토너,복숭아 나이아신아마이드 에센스 토너 250mL,2025.12.07,-,"복합성, 여름쿨톤, 미백, 블랙헤드",,"수분/유분 밸런스, 제형/사용감","보습/속건조, 흡수/발림성",5,5점,보통,0,"보습, 점성, 제형",리뷰 점성있는 물같은 제형으로 보습감이 꽤나 있어서,복합성민감성아토피여름쿨톤페일톤17호학생 리뷰가 도움이 되셨다면 을 꾹 눌러주세요! 리뷰 점성있는 물같은 제형으로 보습감이 꽤나 있어서 겨울에만 써주는 토너에요! 이거 쓰면 쫀쫀 피부 완성이라 베이스가 더 쫩쫩 잘먹는 느낌쓰 미백 효과는 꾸준히 쓰면 인상이 조금 화사해지는 정도랄까요 촉촉함을 기대하시길 바랍니다 미백효과를 포기하시면 만족스러우실수도요,1.7,"만족, 미백, 민감, 보습, 점성, 제형, 쫀쫀, 촉촉"
TP_251207_002,토너,복숭아 나이아신아마이드 에센스 토너 250mL,2025.12.07,-,"복합성, 여름쿨톤, 미백, 블랙헤드",,"구매 가치/편의, 수분/유분 밸런스, 제형/사용감, 피부 고민 해결","미백/광채, 보습/속건조, 추천/재구매, 흡수/발림성",5,5점,긍정,5,"만족, 미백, 쫀쫀, 촉촉",이거 쓰면 쫀쫀 피부 완성이라 베이스가 더 쫩쫩 잘먹는 느낌쓰 미백 효과는 꾸준히 쓰면 인상이 조금 화사해지는 정도랄까요 촉촉함을 기대하시길 바랍니다 미백효과를 포기하시면 만족스러우실수도요,복합성민감성아토피여름쿨톤페일톤17호학생 리뷰가 도움이 되셨다면 을 꾹 눌러주세요! 리뷰 점성있는 물같은 제형으로 보습감이 꽤나 있어서 겨울에만 써주는 토너에요! 이거 쓰면 쫀쫀 피부 완성이라 베이스가 더 쫩쫩 잘먹는 느낌쓰 미백 효과는 꾸준히 쓰면 인상이 조금 화사해지는 정도랄까요 촉촉함을 기대하시길 바랍니다 미백효과를 포기하시면 만족스러우실수도요,1.7,"만족, 미백, 민감, 보습, 점성, 제형, 쫀쫀, 촉촉"
TP_251209_001,토너,복숭아 나이아신아마이드 에센스 토너 250mL,2025.12.09,-,,,구매 가치/편의,상황/편의,2,5점,긍정,1,향,이거 향도 좋고,이거 향도 좋고 촉촉해서 맘에 들어요 토너패드로 닦토하는 편이라 사실 굳이 토너 안 사도 되는거였는데 시트팩 사려다가 충동구매했음,0.7,"닦토, 촉촉, 향"
TP_251209_001,토너,복숭아 나이아신아마이드 에센스 토너 250mL,2025.12.09,-,,,수분/유분 밸런스,보습/속건조,2,5점,긍정,1,촉촉,촉촉해서,이거 향도 좋고 촉촉해서 맘에 들어요 토너패드로 닦토하는 편이라 사실 굳이 토너 안 사도 되는거였는데 시트팩 사려다가 충동구매했음,0.7,"닦토, 촉촉, 향"
TP_251209_001,토너,복숭아 나이아신아마이드 에센스 토너 250mL,2025.12.09,-,,,구매 가치/편의,상황/편의,2,5점,보통,0,닦토,맘에 들어요 토너패드로 닦토하는 편이라 사실 굳이 토너 안 사도 되는거였는데,이거 향도 좋고 촉촉해서 맘에 들어요 토너패드로 닦토하는 편이라 사실 굳이 토너 안 사도 되는거였는데 시트팩 사려다가 충동구매했음,0.7,"닦토, 촉촉, 향"
TP_251209_002,토너,복숭아 나이아신아마이드 에센스 토너 250mL,2025.12.09,-,,,제형/사용감,끈적임/밀림,2,5점,긍정,2,끈적,묽지도 끈적하지도 않아서,한 통 다 쓰고 이번에 또 구매한. 결 정리도 잘 되고 묽지도 끈적하지도 않아서 너무 좋고 은은한 복숭아향이 나서 기분도 좋아집니당,1.0,"끈적, 향"
TP_251209_002,토너,복숭아 나이아신아마이드 에센스 토너 250mL,2025.12.09,-,,,구매 가치/편의,상황/편의,2,5점,보통,0,향,은은한 복숭아향이 나서,한 통 다 쓰고 이번에 또 구매한. 결 정리도 잘 되고 묽지도 끈적하지도 않아서 너무 좋고 은은한 복숭아향이 나서 기분도 좋아집니당,1.0,"끈적, 향"
TP_251210_001,토너,복숭아 나이아신아마이드 에센스 토너 250mL,2025.12.10,-,"건성, 여름쿨톤, 잡티, 트러블",한달이상사용,"피부 고민 해결, 피부 자극","자극/부작용, 트러블/모공",2,4점,긍정,5,"자극, 트러블",자극이나 트러블 나는건 없는데,자극이나 트러블 나는건 없는데 그다지 좋다고도 못느낌 수분도 뭐 그럭저럭 특출나게 좋은건 없음,5.0,"자극, 트러블"
TP_251210_002,토너,복숭아 나이아신아마이드 에센스 토너 250mL,2025.12.10,-,,한달이상사용,피부 고민 해결,미백/광채,1,5점,보통,0,미백,미백을 위해 샀는데 아누아 브랜드가 논란이 많더라고요,미백을 위해 샀는데 아누아 브랜드가 논란이 많더라고요. 그래도 제품력은 좋습니다,0.0,미백
TP_251214_001,토너,복숭아 나이아신아마이드 에센스 토너 250mL,2025.12.14,-,"복합성, 웜톤, 잡티, 미백",한달이상사용,구매 가치/편의,상황/편의,2,5점,보통,0,향,복숭아 향나요 순하고,복숭아 향나요 순하고 엄청 물같은 제형이아니라서 오히려 잘발리고 좋은 것 같아여,0.0,"제형, 향"
TP_251214_001,토너,복숭아 나이아신아마이드 에센스 토너 250mL,2025.12.14,-,"복합성, 웜톤, 잡티, 미백",한달이상사용,제형/사용감,흡수/발림성,2,5점,보통,0,제형,엄청 물같은 제형이아니라서,복숭아 향나요 순하고 엄청 물같은 제형이아니라서 오히려 잘발리고 좋은 것 같아여,0.0,"제형, 향"
TP_251218_001,토너,복숭아 나이아신아마이드 에센스 토너 250mL,2025.12.18,-,,,"수분/유분 밸런스, 제형/사용감","보습/속건조, 흡수/발림성",2,5점,긍정,2,"건조, 제형",있음 너무 물 같은 제형이 아니라 건조하지 않고,무난하게 잘 쓰고 있음 너무 물 같은 제형이 아니라 건조하지 않고 좋아용 계속 쓸 듯?,2.0,"건조, 제형"
TP_251220_001,토너,복숭아 나이아신아마이드 에센스 토너 250mL,2025.12.20,-,"지성, 봄웜톤, 잡티, 미백",,"구매 가치/편의, 수분/유분 밸런스, 피부 고민 해결, 피부 자극","미백/광채, 보습/속건조, 순함/저자극, 추천/재구매",5,5점,긍정,1,"미백, 보습, 순한, 추천",순한 미백 보습 토너 찾으시는 분께 추천드려요,순한 미백 보습 토너 찾으시는 분께 추천드려요 ! 미백 미백에 효과있는 나이아신아마이드 성분이 들어있어요. 보습 같은 아누아 라인 어성초 토너처럼 물 토너 제형이 아니라 보습이 훨씬 뛰어나요. 끈적임 X 이런 분께는 추천드리지 않아요 ! 가벼운 토너를 찾으시는 분 건성분들은 여름에 ! 지성분들은 겨울에 !,1.0,"가벼운, 끈적, 미백, 보습, 순한, 제형, 추천"
TP_251220_001,토너,복숭아 나이아신아마이드 에센스 토너 250mL,2025.12.20,-,"지성, 봄웜톤, 잡티, 미백",,피부 고민 해결,미백/광채,5,5점,긍정,1,미백,미백 미백에 효과있는 나이아신아마이드 성분이 들어있어요,순한 미백 보습 토너 찾으시는 분께 추천드려요 ! 미백 미백에 효과있는 나이아신아마이드 성분이 들어있어요. 보습 같은 아누아 라인 어성초 토너처럼 물 토너 제형이 아니라 보습이 훨씬 뛰어나요. 끈적임 X 이런 분께는 추천드리지 않아요 ! 가벼운 토너를 찾으시는 분 건성분들은 여름에 ! 지성분들은 겨울에 !,1.0,"가벼운, 끈적, 미백, 보습, 순한, 제형, 추천"
TP_251220_001,토너,복숭아 나이아신아마이드 에센스 토너 250mL,2025.12.20,-,"지성, 봄웜톤, 잡티, 미백",,"수분/유분 밸런스, 제형/사용감","보습/속건조, 흡수/발림성",5,5점,보통,0,"보습, 제형",보습 같은 아누아 라인 어성초 토너처럼 물 토너 제형이 아니라 보습이 훨씬 뛰어나요,순한 미백 보습 토너 찾으시는 분께 추천드려요 ! 미백 미백에 효과있는 나이아신아마이드 성분이 들어있어요. 보습 같은 아누아 라인 어성초 토너처럼 물 토너 제형이 아니라 보습이 훨씬 뛰어나요. 끈적임 X 이런 분께는 추천드리지 않아요 ! 가벼운 토너를 찾으시는 분 건성분들은 여름에 ! 지성분들은 겨울에 !,1.0,"가벼운, 끈적, 미백, 보습, 순한, 제형, 추천"
TP_251220_001,토너,복숭아 나이아신아마이드 에센스 토너 250mL,2025.12.20,-,"지성, 봄웜톤, 잡티, 미백",,"구매 가치/편의, 제형/사용감","끈적임/밀림, 추천/재구매",5,5점,긍정,3,"끈적, 추천",끈적임 X 이런 분께는 추천드리지 않아요,순한 미백 보습 토너 찾으시는 분께 추천드려요 ! 미백 미백에 효과있는 나이아신아마이드 성분이 들어있어요. 보습 같은 아누아 라인 어성초 토너처럼 물 토너 제형이 아니라 보습이 훨씬 뛰어나요. 끈적임 X 이런 분께는 추천드리지 않아요 ! 가벼운 토너를 찾으시는 분 건성분들은 여름에 ! 지성분들은 겨울에 !,1.0,"가벼운, 끈적, 미백, 보습, 순한, 제형, 추천"
TP_251220_001,토너,복숭아 나이아신아마이드 에센스 토너 250mL,2025.12.20,-,"지성, 봄웜톤, 잡티, 미백",,제형/사용감,흡수/발림성,5,5점,보통,0,가벼운,가벼운 토너를 찾으시는 분 건성분들은 여름에,순한 미백 보습 토너 찾으시는 분께 추천드려요 ! 미백 미백에 효과있는 나이아신아마이드 성분이 들어있어요. 보습 같은 아누아 라인 어성초 토너처럼 물 토너 제형이 아니라 보습이 훨씬 뛰어나요. 끈적임 X 이런 분께는 추천드리지 않아요 ! 가벼운 토너를 찾으시는 분 건성분들은 여름에 ! 지성분들은 겨울에 !,1.0,"가벼운, 끈적, 미백, 보습, 순한, 제형, 추천"
TP_251222_001,토너,복숭아 나이아신아마이드 에센스 토너 250mL,2025.12.22,-,,한달이상사용,수분/유분 밸런스,"보습/속건조, 유분/피지",5,5점,긍정,2,"수부지, 유분, 유분기","얼굴은 유분기가 돌지만 속은 늘 당기는 수부지 타입인데, 한 달 동안 꾸준히 사용해보니 피부 컨디션이 정말 좋아졌어요","얼굴은 유분기가 돌지만 속은 늘 당기는 수부지 타입인데, 한 달 동안 꾸준히 사용해보니 피부 컨디션이 정말 좋아졌어요. 1. 제형 및 발림성 살짝 점성이 있는 콧물 제형이라 피부에 쫀쫀하게 밀착돼요. 향긋한 복숭아 향 덕분에 바를 때마다 기분까지 좋아집니다. 2. 피부 톤 개선 한 달 정도 쓰니 피부 결이 매끈해지고 안색이 밝아진 게 느껴져요. 메이크업 전에 바르면 화장도 찰떡같이 잘 먹어서 만족스럽습니다. 3. 한 달 후 변화 몸은 건조하지만 얼굴은 지성이라 트러블 걱정을 했는데, 자극 없이 수분만 꽉 채워주는 느낌이에요. 수부지 분들께 강력 추천합니다!",2.0,"건조, 만족, 메이크업, 밀착, 발림, 밝아, 수부지, 유분, 유분기, 자극, 점성, 제형, 쫀쫀, 추천, 트러블, 향, 화장"
TP_251222_001,토너,복숭아 나이아신아마이드 에센스 토너 250mL,2025.12.22,-,,한달이상사용,제형/사용감,흡수/발림성,5,5점,긍정,1,"밀착, 발림, 점성, 제형, 쫀쫀",제형 및 발림성 살짝 점성이 있는 콧물 제형이라 피부에 쫀쫀하게 밀착돼요,"얼굴은 유분기가 돌지만 속은 늘 당기는 수부지 타입인데, 한 달 동안 꾸준히 사용해보니 피부 컨디션이 정말 좋아졌어요. 1. 제형 및 발림성 살짝 점성이 있는 콧물 제형이라 피부에 쫀쫀하게 밀착돼요. 향긋한 복숭아 향 덕분에 바를 때마다 기분까지 좋아집니다. 2. 피부 톤 개선 한 달 정도 쓰니 피부 결이 매끈해지고 안색이 밝아진 게 느껴져요. 메이크업 전에 바르면 화장도 찰떡같이 잘 먹어서 만족스럽습니다. 3. 한 달 후 변화 몸은 건조하지만 얼굴은 지성이라 트러블 걱정을 했는데, 자극 없이 수분만 꽉 채워주는 느낌이에요. 수부지 분들께 강력 추천합니다!",2.0,"건조, 만족, 메이크업, 밀착, 발림, 밝아, 수부지, 유분, 유분기, 자극, 점성, 제형, 쫀쫀, 추천, 트러블, 향, 화장"
TP_251222_001,토너,복숭아 나이아신아마이드 에센스 토너 250mL,2025.12.22,-,,한달이상사용,구매 가치/편의,상황/편의,5,5점,긍정,1,향,향긋한 복숭아 향 덕분에 바를 때마다 기분까지 좋아집니다,"얼굴은 유분기가 돌지만 속은 늘 당기는 수부지 타입인데, 한 달 동안 꾸준히 사용해보니 피부 컨디션이 정말 좋아졌어요. 1. 제형 및 발림성 살짝 점성이 있는 콧물 제형이라 피부에 쫀쫀하게 밀착돼요. 향긋한 복숭아 향 덕분에 바를 때마다 기분까지 좋아집니다. 2. 피부 톤 개선 한 달 정도 쓰니 피부 결이 매끈해지고 안색이 밝아진 게 느껴져요. 메이크업 전에 바르면 화장도 찰떡같이 잘 먹어서 만족스럽습니다. 3. 한 달 후 변화 몸은 건조하지만 얼굴은 지성이라 트러블 걱정을 했는데, 자극 없이 수분만 꽉 채워주는 느낌이에요. 수부지 분들께 강력 추천합니다!",2.0,"건조, 만족, 메이크업, 밀착, 발림, 밝아, 수부지, 유분, 유분기, 자극, 점성, 제형, 쫀쫀, 추천, 트러블, 향, 화장"
TP_251222_001,토너,복숭아 나이아신아마이드 에센스 토너 250mL,2025.12.22,-,,한달이상사용,피부 고민 해결,미백/광채,5,5점,보통,0,밝아,안색이 밝아진 게 느껴져요,"얼굴은 유분기가 돌지만 속은 늘 당기는 수부지 타입인데, 한 달 동안 꾸준히 사용해보니 피부 컨디션이 정말 좋아졌어요. 1. 제형 및 발림성 살짝 점성이 있는 콧물 제형이라 피부에 쫀쫀하게 밀착돼요. 향긋한 복숭아 향 덕분에 바를 때마다 기분까지 좋아집니다. 2. 피부 톤 개선 한 달 정도 쓰니 피부 결이 매끈해지고 안색이 밝아진 게 느껴져요. 메이크업 전에 바르면 화장도 찰떡같이 잘 먹어서 만족스럽습니다. 3. 한 달 후 변화 몸은 건조하지만 얼굴은 지성이라 트러블 걱정을 했는데, 자극 없이 수분만 꽉 채워주는 느낌이에요. 수부지 분들께 강력 추천합니다!",2.0,"건조, 만족, 메이크업, 밀착, 발림, 밝아, 수부지, 유분, 유분기, 자극, 점성, 제형, 쫀쫀, 추천, 트러블, 향, 화장"
TP_251222_001,토너,복숭아 나이아신아마이드 에센스 토너 250mL,2025.12.22,-,,한달이상사용,구매 가치/편의,"상황/편의, 추천/재구매",5,5점,긍정,4,"만족, 메이크업, 화장",메이크업 전에 바르면 화장도 찰떡같이 잘 먹어서 만족스럽습니다,"얼굴은 유분기가 돌지만 속은 늘 당기는 수부지 타입인데, 한 달 동안 꾸준히 사용해보니 피부 컨디션이 정말 좋아졌어요. 1. 제형 및 발림성 살짝 점성이 있는 콧물 제형이라 피부에 쫀쫀하게 밀착돼요. 향긋한 복숭아 향 덕분에 바를 때마다 기분까지 좋아집니다. 2. 피부 톤 개선 한 달 정도 쓰니 피부 결이 매끈해지고 안색이 밝아진 게 느껴져요. 메이크업 전에 바르면 화장도 찰떡같이 잘 먹어서 만족스럽습니다. 3. 한 달 후 변화 몸은 건조하지만 얼굴은 지성이라 트러블 걱정을 했는데, 자극 없이 수분만 꽉 채워주는 느낌이에요. 수부지 분들께 강력 추천합니다!",2.0,"건조, 만족, 메이크업, 밀착, 발림, 밝아, 수부지, 유분, 유분기, 자극, 점성, 제형, 쫀쫀, 추천, 트러블, 향, 화장"
TP_251222_001,토너,복숭아 나이아신아마이드 에센스 토너 250mL,2025.12.22,-,,한달이상사용,"수분/유분 밸런스, 피부 고민 해결, 피부 자극","보습/속건조, 자극/부작용, 트러블/모공",5,5점,긍정,5,"건조, 자극, 트러블","한 달 후 변화 몸은 건조하지만 얼굴은 지성이라 트러블 걱정을 했는데, 자극 없이 수분만 꽉 채워주는 느낌이에요","얼굴은 유분기가 돌지만 속은 늘 당기는 수부지 타입인데, 한 달 동안 꾸준히 사용해보니 피부 컨디션이 정말 좋아졌어요. 1. 제형 및 발림성 살짝 점성이 있는 콧물 제형이라 피부에 쫀쫀하게 밀착돼요. 향긋한 복숭아 향 덕분에 바를 때마다 기분까지 좋아집니다. 2. 피부 톤 개선 한 달 정도 쓰니 피부 결이 매끈해지고 안색이 밝아진 게 느껴져요. 메이크업 전에 바르면 화장도 찰떡같이 잘 먹어서 만족스럽습니다. 3. 한 달 후 변화 몸은 건조하지만 얼굴은 지성이라 트러블 걱정을 했는데, 자극 없이 수분만 꽉 채워주는 느낌이에요. 수부지 분들께 강력 추천합니다!",2.0,"건조, 만족, 메이크업, 밀착, 발림, 밝아, 수부지, 유분, 유분기, 자극, 점성, 제형, 쫀쫀, 추천, 트러블, 향, 화장"
TP_251222_001,토너,복숭아 나이아신아마이드 에센스 토너 250mL,2025.12.22,-,,한달이상사용,"구매 가치/편의, 수분/유분 밸런스","보습/속건조, 추천/재구매",5,5점,긍정,1,"수부지, 추천",수부지 분들께 강력 추천합니다,"얼굴은 유분기가 돌지만 속은 늘 당기는 수부지 타입인데, 한 달 동안 꾸준히 사용해보니 피부 컨디션이 정말 좋아졌어요. 1. 제형 및 발림성 살짝 점성이 있는 콧물 제형이라 피부에 쫀쫀하게 밀착돼요. 향긋한 복숭아 향 덕분에 바를 때마다 기분까지 좋아집니다. 2. 피부 톤 개선 한 달 정도 쓰니 피부 결이 매끈해지고 안색이 밝아진 게 느껴져요. 메이크업 전에 바르면 화장도 찰떡같이 잘 먹어서 만족스럽습니다. 3. 한 달 후 변화 몸은 건조하지만 얼굴은 지성이라 트러블 걱정을 했는데, 자극 없이 수분만 꽉 채워주는 느낌이에요. 수부지 분들께 강력 추천합니다!",2.0,"건조, 만족, 메이크업, 밀착, 발림, 밝아, 수부지, 유분, 유분기, 자극, 점성, 제형, 쫀쫀, 추천, 트러블, 향, 화장"
TP_251222_002,토너,복숭아 나이아신아마이드 에센스 토너 250mL,2025.12.22,-,,재구매,구매 가치/편의,추천/재구매,1,5점,긍정,1,만족,자연스럽게 커버돼서 만족해요,자연스럽게 커버돼서 만족해요. 피부 톤이 좋아졌어요 추천 드려요 !,1.5,"만족, 추천"
TP_251222_002,토너,복숭아 나이아신아마이드 에센스 토너 250mL,2025.12.22,-,,재구매,구매 가치/편의,추천/재구매,1,5점,긍정,2,추천,피부 톤이 좋아졌어요 추천 드려요,자연스럽게 커버돼서 만족해요. 피부 톤이 좋아졌어요 추천 드려요 !,1.5,"만족, 추천"
TP_251222_003,토너,복숭아 나이아신아마이드 에센스 토너 250mL,2025.12.22,-,,,구매 가치/편의,추천/재구매,1,5점,긍정,2,추천,사용감이 좋습니다 추천 드려요,밀리지 않고 깔끔하게 발려요. 사용감이 좋습니다 추천 드려요 !,2.0,추천
TP_251223_001,토너,복숭아 나이아신아마이드 에센스 토너 250mL,2025.12.23,-,,한달이상사용,제형/사용감,끈적임/밀림,2,4점,긍정,3,끈적,산듯하고 끈적임도 적어서 좋아요,산듯하고 끈적임도 적어서 좋아요! 화장하기 전에 기초로 바르는데 잘 사용하고 있어요,1.5,"끈적, 화장"
TP_251223_001,토너,복숭아 나이아신아마이드 에센스 토너 250mL,2025.12.23,-,,한달이상사용,구매 가치/편의,상황/편의,2,4점,보통,0,화장,화장하기 전에 기초로 바르는데 잘 사용하고 있어요,산듯하고 끈적임도 적어서 좋아요! 화장하기 전에 기초로 바르는데 잘 사용하고 있어요,1.5,"끈적, 화장"
TP_251225_001,토너,복숭아 나이아신아마이드 에센스 토너 250mL,2025.12.25,-,,,구매 가치/편의,상황/편의,2,5점,보통,0,데일리,부담없이 데일리 사용 가능 할 것 같아요,부담없이 데일리 사용 가능 할 것 같아요.보습도 괜찮고 너무 좋아.,1.5,"데일리, 보습"
TP_251225_001,토너,복숭아 나이아신아마이드 에센스 토너 250mL,2025.12.25,-,,,수분/유분 밸런스,보습/속건조,2,5점,긍정,3,보습,보습도 괜찮고 너무 좋아,부담없이 데일리 사용 가능 할 것 같아요.보습도 괜찮고 너무 좋아.,1.5,"데일리, 보습"
TP_251226_001,토너,복숭아 나이아신아마이드 에센스 토너 250mL,2025.12.26,-,,한달이상사용,구매 가치/편의,가성비/가격,1,5점,긍정,1,구성,전체적으로 무리 없는 구성이라 좋았습니다,오랫동안 사용하며 흐름이 서서히 익숙해져 편했습니다. 특별한 과정 없이 자연스럽게 사용할 수 있었습니다. 전체적으로 무리 없는 구성이라 좋았습니다.,1.0,구성
TP_251228_001,토너,복숭아 나이아신아마이드 에센스 토너 250mL,2025.12.28,-,,,구매 가치/편의,상황/편의,1,4점,보통,0,화장,화장 준비 전에 빠르고,화장 준비 전에 빠르고 쉽게 쓰려고 삿는데 만족 중임 근데 얘 때문인지는 모르겟지만 얼굴에 뭐가 나서 이마에 산이 여러개 생김. 강제로 앞머리 자르는 중,0.5,"만족, 화장"
TP_251228_001,토너,복숭아 나이아신아마이드 에센스 토너 250mL,2025.12.28,-,,,구매 가치/편의,추천/재구매,1,4점,긍정,1,만족,만족 중임 근데,화장 준비 전에 빠르고 쉽게 쓰려고 삿는데 만족 중임 근데 얘 때문인지는 모르겟지만 얼굴에 뭐가 나서 이마에 산이 여러개 생김. 강제로 앞머리 자르는 중,0.5,"만족, 화장"
TP_251230_001,토너,복숭아 나이아신아마이드 에센스 토너 250mL,2025.12.30,-,,한달이상사용,수분/유분 밸런스,보습/속건조,2,5점,긍정,2,보습,쫀득하게 아직도 쓰고있네용 보습에 엄청 좋고,이거 산지 두달 지났는데 쫀득하게 아직도 쓰고있네용 보습에 엄청 좋고 미백에도 굿,1.0,"미백, 보습"
TP_251230_001,토너,복숭아 나이아신아마이드 에센스 토너 250mL,2025.12.30,-,,한달이상사용,피부 고민 해결,미백/광채,2,5점,보통,0,미백,미백에도 굿,이거 산지 두달 지났는데 쫀득하게 아직도 쓰고있네용 보습에 엄청 좋고 미백에도 굿,1.0,"미백, 보습"
TP_251230_002,토너,복숭아 나이아신아마이드 에센스 토너 250mL,2025.12.30,-,,한달이상사용,수분/유분 밸런스,보습/속건조,2,3점,긍정,1,촉촉,촉촉하고,촉촉하고 깔끔한사용감으로 잘 쓰고 있어요 향도 좋아요 수분충전에돟아요,1.0,"수분충전, 촉촉, 향"
TP_251230_002,토너,복숭아 나이아신아마이드 에센스 토너 250mL,2025.12.30,-,,한달이상사용,"구매 가치/편의, 수분/유분 밸런스","보습/속건조, 상황/편의",2,3점,긍정,1,"수분충전, 향",있어요 향도 좋아요 수분충전에돟아요,촉촉하고 깔끔한사용감으로 잘 쓰고 있어요 향도 좋아요 수분충전에돟아요,1.0,"수분충전, 촉촉, 향"
TP_260101_001,토너,복숭아 나이아신아마이드 에센스 토너 250mL,2026.01.01,-,"건성, 여름쿨톤, 트러블, 모공",한달이상사용,구매 가치/편의,추천/재구매,1,4점,긍정,5,정착,유목민 분들이 꾸준템으로 쓸 수 있는 정착템이 되지 않을까 싶습니다,마음에 들어서 자주 애용하는 제품이에요. 무난해서 피부 타입이나 톤에 구애받지 않고 모든 분들이 무난하고 편하게 사용하기 좋을 것 같아요! 유목민 분들이 꾸준템으로 쓸 수 있는 정착템이 되지 않을까 싶습니다!,5.0,정착
TP_260101_002,토너,복숭아 나이아신아마이드 에센스 토너 250mL,2026.01.01,-,,한달이상사용,"구매 가치/편의, 피부 고민 해결","미백/광채, 상황/편의",3,5점,긍정,1,"미백, 향",갸좋아요 그냥 향도 미쳤고 미백,갸좋아요 그냥 향도 미쳤고 미백?효과도 있거 이거 바르면 개촉촉해요,1.5,"미백, 촉촉, 향"
TP_260101_002,토너,복숭아 나이아신아마이드 에센스 토너 250mL,2026.01.01,-,,한달이상사용,수분/유분 밸런스,보습/속건조,3,5점,긍정,2,촉촉,효과도 있거 이거 바르면 개촉촉해요,갸좋아요 그냥 향도 미쳤고 미백?효과도 있거 이거 바르면 개촉촉해요,1.5,"미백, 촉촉, 향"
TP_260101_003,토너,복숭아 나이아신아마이드 에센스 토너 250mL,2026.01.01,-,"중성, 겨울쿨톤, 미백, 주름",한달이상사용,구매 가치/편의,추천/재구매,1,5점,긍정,3,만족,운이 좋아서 싸게 구매하게 됐어요 기대 이상이라 너무 만족합니다,운이 좋아서 싸게 구매하게 됐어요 기대 이상이라 너무 만족합니다,3.0,만족
TP_260101_004,토너,복숭아 나이아신아마이드 에센스 토너 250mL,2026.01.01,-,,,피부 자극,"순함/저자극, 자극/부작용",2,5점,긍정,3,"자극, 자극없",자극없이 순하고,자극없이 순하고 무난해서 정착해서 쓰고있어용 정착템으로 좋은것 같슴미당,4.3,"자극, 자극없, 정착"
TP_260101_004,토너,복숭아 나이아신아마이드 에센스 토너 250mL,2026.01.01,-,,,구매 가치/편의,추천/재구매,2,5점,긍정,5,정착,정착해서,자극없이 순하고 무난해서 정착해서 쓰고있어용 정착템으로 좋은것 같슴미당,4.3,"자극, 자극없, 정착"
TP_260101_004,토너,복숭아 나이아신아마이드 에센스 토너 250mL,2026.01.01,-,,,구매 가치/편의,추천/재구매,2,5점,긍정,5,정착,쓰고있어용 정착템으로 좋은것 같슴미당,자극없이 순하고 무난해서 정착해서 쓰고있어용 정착템으로 좋은것 같슴미당,4.3,"자극, 자극없, 정착"
TP_260104_001,토너,복숭아 나이아신아마이드 에센스 토너 250mL,2026.01.04,-,,,구매 가치/편의,가성비/가격,1,5점,보통,0,세일,세일하는 김에 사다줬어요,막내동생이 요즘 피부에 신경을 많이 쓰는 것 같아서 세일하는 김에 사다줬어요,0.0,세일
TP_260106_001,토너,복숭아 나이아신아마이드 에센스 토너 250mL,2026.01.06,-,"복합성, 봄웜톤",한달이상사용,제형/사용감,흡수/발림성,3,4점,긍정,3,쫀쫀,다른 것들을 올리면 정말 좋습니다 마지막이 쫀쫀하게 끝나긴 하는데,오 정말 가볍습니다! 정말 가벼워서 씻고 나와서 처음에 미스트처럼 사용하고 다른 것들을 올리면 정말 좋습니다 마지막이 쫀쫀하게 끝나긴 하는데! 겨울엔 건조할 수도 있어서 이것만 바르고 화장 하는 건 비추입니다!,0.0,"건조, 비추, 쫀쫀, 화장"
TP_260106_001,토너,복숭아 나이아신아마이드 에센스 토너 250mL,2026.01.06,-,"복합성, 봄웜톤",한달이상사용,수분/유분 밸런스,보습/속건조,3,4점,보통,0,건조,겨울엔 건조할 수도 있어서,오 정말 가볍습니다! 정말 가벼워서 씻고 나와서 처음에 미스트처럼 사용하고 다른 것들을 올리면 정말 좋습니다 마지막이 쫀쫀하게 끝나긴 하는데! 겨울엔 건조할 수도 있어서 이것만 바르고 화장 하는 건 비추입니다!,0.0,"건조, 비추, 쫀쫀, 화장"
TP_260106_001,토너,복숭아 나이아신아마이드 에센스 토너 250mL,2026.01.06,-,"복합성, 봄웜톤",한달이상사용,구매 가치/편의,"상황/편의, 추천/재구매",3,4점,부정,-3,"비추, 화장",화장 하는 건 비추입니다,오 정말 가볍습니다! 정말 가벼워서 씻고 나와서 처음에 미스트처럼 사용하고 다른 것들을 올리면 정말 좋습니다 마지막이 쫀쫀하게 끝나긴 하는데! 겨울엔 건조할 수도 있어서 이것만 바르고 화장 하는 건 비추입니다!,0.0,"건조, 비추, 쫀쫀, 화장"
TP_260106_002,토너,복숭아 나이아신아마이드 에센스 토너 250mL,2026.01.06,-,,한달이상사용,수분/유분 밸런스,보습/속건조,1,5점,긍정,1,"건조, 속건조, 촉촉",바흐고나면 촉촉함이 그대로 남아았어요 속건조가 해경되는것같아요,바흐고나면 촉촉함이 그대로 남아았어요 속건조가 해경되는것같아요,1.0,"건조, 속건조, 촉촉"
TP_260107_001,토너,복숭아 나이아신아마이드 에센스 토너 250mL,2026.01.07,-,,,수분/유분 밸런스,보습/속건조,3,5점,긍정,2,"보습, 촉촉",토너인데 에센스처럼 촉촉해서 한 번만 발라도 보습감이 좋아요,"토너인데 에센스처럼 촉촉해서 한 번만 발라도 보습감이 좋아요. 향도 과하지 않고 피부 결이 부드럽게 정돈되는 느낌이라, 건조할 때 레이어링용으로 특히 만족했습니다.",1.0,"건조, 만족, 보습, 부드럽, 촉촉, 향"
TP_260107_001,토너,복숭아 나이아신아마이드 에센스 토너 250mL,2026.01.07,-,,,구매 가치/편의,상황/편의,3,5점,보통,0,향,향도 과하지 않고,"토너인데 에센스처럼 촉촉해서 한 번만 발라도 보습감이 좋아요. 향도 과하지 않고 피부 결이 부드럽게 정돈되는 느낌이라, 건조할 때 레이어링용으로 특히 만족했습니다.",1.0,"건조, 만족, 보습, 부드럽, 촉촉, 향"
TP_260107_001,토너,복숭아 나이아신아마이드 에센스 토너 250mL,2026.01.07,-,,,"구매 가치/편의, 수분/유분 밸런스, 제형/사용감","보습/속건조, 추천/재구매, 흡수/발림성",3,5점,긍정,1,"건조, 만족, 부드럽","피부 결이 부드럽게 정돈되는 느낌이라, 건조할 때 레이어링용으로 특히 만족했습니다","토너인데 에센스처럼 촉촉해서 한 번만 발라도 보습감이 좋아요. 향도 과하지 않고 피부 결이 부드럽게 정돈되는 느낌이라, 건조할 때 레이어링용으로 특히 만족했습니다.",1.0,"건조, 만족, 보습, 부드럽, 촉촉, 향"
TP_260113_001,토너,복숭아 나이아신아마이드 에센스 토너 250mL,2026.01.13,-,,한달이상사용,구매 가치/편의,상황/편의,2,5점,보통,0,향,복숭아향 솔솔 나서,복숭아향 솔솔 나서 바르는 동안 힐링되네요 시트팩 써보고 좋아서 토너도 샀는데 시트팩이 더 뽀얘지는 효과가 있어요 토너는 수분감 좋고 무난해서 모든피부가 쓰기 좋을듯합니다,1.0,"수분감, 향"
TP_260113_001,토너,복숭아 나이아신아마이드 에센스 토너 250mL,2026.01.13,-,,한달이상사용,수분/유분 밸런스,보습/속건조,2,5점,긍정,2,수분감,시트팩이 더 뽀얘지는 효과가 있어요 토너는 수분감 좋고,복숭아향 솔솔 나서 바르는 동안 힐링되네요 시트팩 써보고 좋아서 토너도 샀는데 시트팩이 더 뽀얘지는 효과가 있어요 토너는 수분감 좋고 무난해서 모든피부가 쓰기 좋을듯합니다,1.0,"수분감, 향"
TP_260114_001,토너,복숭아 나이아신아마이드 에센스 토너 250mL,2026.01.14,-,,한달이상사용,구매 가치/편의,상황/편의,1,5점,보통,0,닦토,닦토 느낌으로 토너 사용하려고,여기 스킨케어제품 싹 더 사용 중인데 닦토 느낌으로 토너 사용하려고 샀어요 진짜 만족,1.0,"닦토, 만족"
TP_260114_001,토너,복숭아 나이아신아마이드 에센스 토너 250mL,2026.01.14,-,,한달이상사용,구매 가치/편의,추천/재구매,1,5점,긍정,2,만족,샀어요 진짜 만족,여기 스킨케어제품 싹 더 사용 중인데 닦토 느낌으로 토너 사용하려고 샀어요 진짜 만족,1.0,"닦토, 만족"
TP_260114_002,토너,복숭아 나이아신아마이드 에센스 토너 250mL,2026.01.14,-,,,구매 가치/편의,상황/편의,2,5점,긍정,1,화장,넘 조아여 화장도 잘먹고,넘 조아여 화장도 잘먹고 여드름도 안생겨여 이거 써도 또 구매할게여,0.5,"여드름, 화장"
TP_260114_002,토너,복숭아 나이아신아마이드 에센스 토너 250mL,2026.01.14,-,,,피부 고민 해결,트러블/모공,2,5점,보통,0,여드름,여드름도 안생겨여 이거 써도 또 구매할게여,넘 조아여 화장도 잘먹고 여드름도 안생겨여 이거 써도 또 구매할게여,0.5,"여드름, 화장"
TP_260117_001,토너,복숭아 나이아신아마이드 에센스 토너 250mL,2026.01.17,-,,한달이상사용,구매 가치/편의,상황/편의,3,5점,긍정,1,화장,"화장할 때 기초로 사용하기 좋고, 살짝 점도가 있어서","화장할 때 기초로 사용하기 좋고, 살짝 점도가 있어서 가벼운 느낌이 들지는 않지만 피부 결 정도하는데 괜찮아서 재구매 템이에요! 이걸로 기초하면 수분감을 잘 채워줘서 화장이 잘 먹어요. 그리고 건성 피부인 분들이 화장 전에 쓰면 좋을 것 같네요!",1.4,"가벼운, 수분감, 재구매, 화장"
TP_260117_001,토너,복숭아 나이아신아마이드 에센스 토너 250mL,2026.01.17,-,,한달이상사용,제형/사용감,흡수/발림성,3,5점,보통,0,가벼운,가벼운 느낌이 들지는 않지만 피부 결 정도하는데,"화장할 때 기초로 사용하기 좋고, 살짝 점도가 있어서 가벼운 느낌이 들지는 않지만 피부 결 정도하는데 괜찮아서 재구매 템이에요! 이걸로 기초하면 수분감을 잘 채워줘서 화장이 잘 먹어요. 그리고 건성 피부인 분들이 화장 전에 쓰면 좋을 것 같네요!",1.4,"가벼운, 수분감, 재구매, 화장"
TP_260117_001,토너,복숭아 나이아신아마이드 에센스 토너 250mL,2026.01.17,-,,한달이상사용,구매 가치/편의,추천/재구매,3,5점,긍정,3,재구매,재구매 템이에요,"화장할 때 기초로 사용하기 좋고, 살짝 점도가 있어서 가벼운 느낌이 들지는 않지만 피부 결 정도하는데 괜찮아서 재구매 템이에요! 이걸로 기초하면 수분감을 잘 채워줘서 화장이 잘 먹어요. 그리고 건성 피부인 분들이 화장 전에 쓰면 좋을 것 같네요!",1.4,"가벼운, 수분감, 재구매, 화장"
TP_260117_001,토너,복숭아 나이아신아마이드 에센스 토너 250mL,2026.01.17,-,,한달이상사용,"구매 가치/편의, 수분/유분 밸런스","보습/속건조, 상황/편의",3,5점,긍정,2,"수분감, 화장",이걸로 기초하면 수분감을 잘 채워줘서 화장이 잘 먹어요,"화장할 때 기초로 사용하기 좋고, 살짝 점도가 있어서 가벼운 느낌이 들지는 않지만 피부 결 정도하는데 괜찮아서 재구매 템이에요! 이걸로 기초하면 수분감을 잘 채워줘서 화장이 잘 먹어요. 그리고 건성 피부인 분들이 화장 전에 쓰면 좋을 것 같네요!",1.4,"가벼운, 수분감, 재구매, 화장"
TP_260117_001,토너,복숭아 나이아신아마이드 에센스 토너 250mL,2026.01.17,-,,한달이상사용,구매 가치/편의,상황/편의,3,5점,긍정,1,화장,그리고 건성 피부인 분들이 화장 전에 쓰면 좋을 것 같네요,"화장할 때 기초로 사용하기 좋고, 살짝 점도가 있어서 가벼운 느낌이 들지는 않지만 피부 결 정도하는데 괜찮아서 재구매 템이에요! 이걸로 기초하면 수분감을 잘 채워줘서 화장이 잘 먹어요. 그리고 건성 피부인 분들이 화장 전에 쓰면 좋을 것 같네요!",1.4,"가벼운, 수분감, 재구매, 화장"
TP_260120_001,토너,복숭아 나이아신아마이드 에센스 토너 250mL,2026.01.20,-,지성,,구매 가치/편의,상황/편의,3,5점,보통,0,향,달달한 복숭아 향기가 나서,달달한 복숭아 향기가 나서 기분이조와요 미백이나 수분에 큰 효과는 없지만 자극도 크게 없고 순해서 토너로서의 역할이 충실한것 같슴다,1.0,"미백, 순해, 자극, 향"
TP_260120_001,토너,복숭아 나이아신아마이드 에센스 토너 250mL,2026.01.20,-,지성,,"피부 고민 해결, 피부 자극","미백/광채, 자극/부작용",3,5점,긍정,2,"미백, 자극",기분이조와요 미백이나 수분에 큰 효과는 없지만 자극도 크게 없고,달달한 복숭아 향기가 나서 기분이조와요 미백이나 수분에 큰 효과는 없지만 자극도 크게 없고 순해서 토너로서의 역할이 충실한것 같슴다,1.0,"미백, 순해, 자극, 향"
TP_260120_001,토너,복숭아 나이아신아마이드 에센스 토너 250mL,2026.01.20,-,지성,,피부 자극,순함/저자극,3,5점,긍정,1,순해,순해서,달달한 복숭아 향기가 나서 기분이조와요 미백이나 수분에 큰 효과는 없지만 자극도 크게 없고 순해서 토너로서의 역할이 충실한것 같슴다,1.0,"미백, 순해, 자극, 향"
